player_name,team,opponent,game_id,game_date,game_time,prop_type,line,over_odds,under_odds,is_alt_line,sportsbook,scraped_at
De'Aaron Fox,,,1aae688472781f1a1aaf3efdb38e884b,2026-06-04,00:30,assists,5.5,-140.0,110.0,False,fanduel,2026-06-03T22:41:54.785333
Julian Champagnie,,,1aae688472781f1a1aaf3efdb38e884b,2026-06-04,00:30,assists,1.5,128.0,-164.0,False,fanduel,2026-06-03T22:41:54.785348
Mikal Bridges,,,1aae688472781f1a1aaf3efdb38e884b,2026-06-04,00:30,assists,2.5,-160.0,124.0,False,fanduel,2026-06-03T22:41:54.785351
Stephon Castle,,,1aae688472781f1a1aaf3efdb38e884b,2026-06-04,00:30,assists,6.5,-132.0,104.0,False,fanduel,2026-06-03T22:41:54.785354
Dylan Harper,,,1aae688472781f1a1aaf3efdb38e884b,2026-06-04,00:30,assists,2.5,-125.0,-102.0,False,fanduel,2026-06-03T22:41:54.785356
Victor Wembanyama,,,1aae688472781f1a1aaf3efdb38e884b,2026-06-04,00:30,assists,3.5,144.0,-186.0,False,fanduel,2026-06-03T22:41:54.785358
Jalen Brunson,,,1aae688472781f1a1aaf3efdb38e884b,2026-06-04,00:30,assists,6.5,-113.0,-113.0,False,fanduel,2026-06-03T22:41:54.785360
Devin Vassell,,,1aae688472781f1a1aaf3efdb38e884b,2026-06-04,00:30,assists,2.5,118.0,-150.0,False,fanduel,2026-06-03T22:41:54.785362
Josh Hart,,,1aae688472781f1a1aaf3efdb38e884b,2026-06-04,00:30,assists,4.5,-108.0,-118.0,False,fanduel,2026-06-03T22:41:54.785365
OG Anunoby,,,1aae688472781f1a1aaf3efdb38e884b,2026-06-04,00:30,assists,1.5,-184.0,142.0,False,fanduel,2026-06-03T22:41:54.785367
Karl-Anthony Towns,,,1aae688472781f1a1aaf3efdb38e884b,2026-06-04,00:30,assists,3.5,-146.0,114.0,False,fanduel,2026-06-03T22:41:54.785369
Stephon Castle,,,1aae688472781f1a1aaf3efdb38e884b,2026-06-04,00:30,assists,11.5,1060.0,,True,fanduel,2026-06-03T22:41:54.785440
Jalen Brunson,,,1aae688472781f1a1aaf3efdb38e884b,2026-06-04,00:30,assists,11.5,1200.0,,True,fanduel,2026-06-03T22:41:54.785442
De'Aaron Fox,,,1aae688472781f1a1aaf3efdb38e884b,2026-06-04,00:30,assists,11.5,1700.0,,True,fanduel,2026-06-03T22:41:54.785444
Stephon Castle,,,1aae688472781f1a1aaf3efdb38e884b,2026-06-04,00:30,assists,3.5,-1800.0,,True,fanduel,2026-06-03T22:41:54.785446
Jalen Brunson,,,1aae688472781f1a1aaf3efdb38e884b,2026-06-04,00:30,assists,3.5,-1450.0,,True,fanduel,2026-06-03T22:41:54.785448
De'Aaron Fox,,,1aae688472781f1a1aaf3efdb38e884b,2026-06-04,00:30,assists,3.5,-800.0,450.0,True,fanduel,2026-06-03T22:41:54.785450
Josh Hart,,,1aae688472781f1a1aaf3efdb38e884b,2026-06-04,00:30,assists,3.5,-250.0,182.0,True,fanduel,2026-06-03T22:41:54.785452
Karl-Anthony Towns,,,1aae688472781f1a1aaf3efdb38e884b,2026-06-04,00:30,assists,3.5,-152.0,114.0,True,fanduel,2026-06-03T22:41:54.785454
Victor Wembanyama,,,1aae688472781f1a1aaf3efdb38e884b,2026-06-04,00:30,assists,3.5,142.0,-192.0,True,fanduel,2026-06-03T22:41:54.785455
Mikal Bridges,,,1aae688472781f1a1aaf3efdb38e884b,2026-06-04,00:30,assists,3.5,162.0,-220.0,True,fanduel,2026-06-03T22:41:54.785457
Dylan Harper,,,1aae688472781f1a1aaf3efdb38e884b,2026-06-04,00:30,assists,3.5,200.0,,True,fanduel,2026-06-03T22:41:54.785459
Devin Vassell,,,1aae688472781f1a1aaf3efdb38e884b,2026-06-04,00:30,assists,3.5,300.0,,True,fanduel,2026-06-03T22:41:54.785461
OG Anunoby,,,1aae688472781f1a1aaf3efdb38e884b,2026-06-04,00:30,assists,3.5,460.0,,True,fanduel,2026-06-03T22:41:54.785462
Stephon Castle,,,1aae688472781f1a1aaf3efdb38e884b,2026-06-04,00:30,assists,9.5,360.0,-580.0,True,fanduel,2026-06-03T22:41:54.785464
Jalen Brunson,,,1aae688472781f1a1aaf3efdb38e884b,2026-06-04,00:30,assists,9.5,410.0,-700.0,True,fanduel,2026-06-03T22:41:54.785466
De'Aaron Fox,,,1aae688472781f1a1aaf3efdb38e884b,2026-06-04,00:30,assists,9.5,680.0,,True,fanduel,2026-06-03T22:41:54.785468
Josh Hart,,,1aae688472781f1a1aaf3efdb38e884b,2026-06-04,00:30,assists,9.5,1500.0,,True,fanduel,2026-06-03T22:41:54.785470
Mikal Bridges,,,1aae688472781f1a1aaf3efdb38e884b,2026-06-04,00:30,assists,1.5,-520.0,350.0,True,fanduel,2026-06-03T22:41:54.785471
Mikal Bridges,,,1aae688472781f1a1aaf3efdb38e884b,2026-06-04,00:30,assists,2.5,-162.0,122.0,True,fanduel,2026-06-03T22:41:54.785473
Mikal Bridges,,,1aae688472781f1a1aaf3efdb38e884b,2026-06-04,00:30,assists,4.5,360.0,-580.0,True,fanduel,2026-06-03T22:41:54.785477
Jalen Brunson,,,1aae688472781f1a1aaf3efdb38e884b,2026-06-04,00:30,assists,4.5,-500.0,320.0,True,fanduel,2026-06-03T22:41:54.785478
Jalen Brunson,,,1aae688472781f1a1aaf3efdb38e884b,2026-06-04,00:30,assists,5.5,-225.0,172.0,True,fanduel,2026-06-03T22:41:54.785480
Jalen Brunson,,,1aae688472781f1a1aaf3efdb38e884b,2026-06-04,00:30,assists,6.5,-114.0,-114.0,True,fanduel,2026-06-03T22:41:54.785482
Jalen Brunson,,,1aae688472781f1a1aaf3efdb38e884b,2026-06-04,00:30,assists,7.5,164.0,-220.0,True,fanduel,2026-06-03T22:41:54.785483
Jalen Brunson,,,1aae688472781f1a1aaf3efdb38e884b,2026-06-04,00:30,assists,8.5,280.0,-420.0,True,fanduel,2026-06-03T22:41:54.785485
Victor Wembanyama,,,1aae688472781f1a1aaf3efdb38e884b,2026-06-04,00:30,assists,1.5,-590.0,370.0,True,fanduel,2026-06-03T22:41:54.785487
Victor Wembanyama,,,1aae688472781f1a1aaf3efdb38e884b,2026-06-04,00:30,assists,2.5,-188.0,140.0,True,fanduel,2026-06-03T22:41:54.785489
Victor Wembanyama,,,1aae688472781f1a1aaf3efdb38e884b,2026-06-04,00:30,assists,4.5,310.0,-470.0,True,fanduel,2026-06-03T22:41:54.785490
Victor Wembanyama,,,1aae688472781f1a1aaf3efdb38e884b,2026-06-04,00:30,assists,5.5,700.0,-1450.0,True,fanduel,2026-06-03T22:41:54.785492
Josh Hart,,,1aae688472781f1a1aaf3efdb38e884b,2026-06-04,00:30,assists,2.5,-700.0,410.0,True,fanduel,2026-06-03T22:41:54.785494
Josh Hart,,,1aae688472781f1a1aaf3efdb38e884b,2026-06-04,00:30,assists,4.5,-110.0,-120.0,True,fanduel,2026-06-03T22:41:54.785496
Josh Hart,,,1aae688472781f1a1aaf3efdb38e884b,2026-06-04,00:30,assists,5.5,196.0,-260.0,True,fanduel,2026-06-03T22:41:54.785497
Josh Hart,,,1aae688472781f1a1aaf3efdb38e884b,2026-06-04,00:30,assists,6.5,370.0,-600.0,True,fanduel,2026-06-03T22:41:54.785499
Stephon Castle,,,1aae688472781f1a1aaf3efdb38e884b,2026-06-04,00:30,assists,7.5,142.0,-192.0,True,fanduel,2026-06-03T22:41:54.785501
De'Aaron Fox,,,1aae688472781f1a1aaf3efdb38e884b,2026-06-04,00:30,assists,7.5,260.0,-380.0,True,fanduel,2026-06-03T22:41:54.785503
Josh Hart,,,1aae688472781f1a1aaf3efdb38e884b,2026-06-04,00:30,assists,7.5,750.0,,True,fanduel,2026-06-03T22:41:54.785504
Karl-Anthony Towns,,,1aae688472781f1a1aaf3efdb38e884b,2026-06-04,00:30,assists,7.5,1100.0,,True,fanduel,2026-06-03T22:41:54.785506
Karl-Anthony Towns,,,1aae688472781f1a1aaf3efdb38e884b,2026-06-04,00:30,assists,1.5,-1400.0,,True,fanduel,2026-06-03T22:41:54.785508
Karl-Anthony Towns,,,1aae688472781f1a1aaf3efdb38e884b,2026-06-04,00:30,assists,2.5,-390.0,265.0,True,fanduel,2026-06-03T22:41:54.785509
Karl-Anthony Towns,,,1aae688472781f1a1aaf3efdb38e884b,2026-06-04,00:30,assists,4.5,154.0,-210.0,True,fanduel,2026-06-03T22:41:54.785511
Karl-Anthony Towns,,,1aae688472781f1a1aaf3efdb38e884b,2026-06-04,00:30,assists,5.5,310.0,-470.0,True,fanduel,2026-06-03T22:41:54.785515
Karl-Anthony Towns,,,1aae688472781f1a1aaf3efdb38e884b,2026-06-04,00:30,assists,6.5,,-1200.0,True,fanduel,2026-06-03T22:41:54.785517
Stephon Castle,,,1aae688472781f1a1aaf3efdb38e884b,2026-06-04,00:30,assists,13.5,3000.0,,True,fanduel,2026-06-03T22:41:54.785518
Jalen Brunson,,,1aae688472781f1a1aaf3efdb38e884b,2026-06-04,00:30,assists,13.5,3500.0,,True,fanduel,2026-06-03T22:41:54.785520
Stephon Castle,,,1aae688472781f1a1aaf3efdb38e884b,2026-06-04,00:30,assists,5.5,-270.0,194.0,True,fanduel,2026-06-03T22:41:54.785522
De'Aaron Fox,,,1aae688472781f1a1aaf3efdb38e884b,2026-06-04,00:30,assists,5.5,-144.0,108.0,True,fanduel,2026-06-03T22:41:54.785524
Mikal Bridges,,,1aae688472781f1a1aaf3efdb38e884b,2026-06-04,00:30,assists,5.5,830.0,,True,fanduel,2026-06-03T22:41:54.785527
Dylan Harper,,,1aae688472781f1a1aaf3efdb38e884b,2026-06-04,00:30,assists,5.5,1000.0,,True,fanduel,2026-06-03T22:41:54.785529
Devin Vassell,,,1aae688472781f1a1aaf3efdb38e884b,2026-06-04,00:30,assists,5.5,1500.0,,True,fanduel,2026-06-03T22:41:54.785531
Josh Hart,,,1aae688472781f1a1aaf3efdb38e884b,2026-06-04,00:30,assists,1.5,-4000.0,,True,fanduel,2026-06-03T22:41:54.785532
Dylan Harper,,,1aae688472781f1a1aaf3efdb38e884b,2026-06-04,00:30,assists,1.5,-400.0,,True,fanduel,2026-06-03T22:41:54.785534
Devin Vassell,,,1aae688472781f1a1aaf3efdb38e884b,2026-06-04,00:30,assists,1.5,-265.0,,True,fanduel,2026-06-03T22:41:54.785538
OG Anunoby,,,1aae688472781f1a1aaf3efdb38e884b,2026-06-04,00:30,assists,1.5,-184.0,,True,fanduel,2026-06-03T22:41:54.785539
Julian Champagnie,,,1aae688472781f1a1aaf3efdb38e884b,2026-06-04,00:30,assists,1.5,128.0,,True,fanduel,2026-06-03T22:41:54.785541
Miles McBride,,,1aae688472781f1a1aaf3efdb38e884b,2026-06-04,00:30,assists,1.5,200.0,,True,fanduel,2026-06-03T22:41:54.785543
Landry Shamet,,,1aae688472781f1a1aaf3efdb38e884b,2026-06-04,00:30,assists,1.5,290.0,,True,fanduel,2026-06-03T22:41:54.785545
Keldon Johnson,,,1aae688472781f1a1aaf3efdb38e884b,2026-06-04,00:30,assists,1.5,360.0,,True,fanduel,2026-06-03T22:41:54.785546
Stephon Castle,,,1aae688472781f1a1aaf3efdb38e884b,2026-06-04,00:30,assists,4.5,-600.0,370.0,True,fanduel,2026-06-03T22:41:54.785548
Stephon Castle,,,1aae688472781f1a1aaf3efdb38e884b,2026-06-04,00:30,assists,6.5,-136.0,102.0,True,fanduel,2026-06-03T22:41:54.785550
Stephon Castle,,,1aae688472781f1a1aaf3efdb38e884b,2026-06-04,00:30,assists,8.5,240.0,-350.0,True,fanduel,2026-06-03T22:41:54.785551
De'Aaron Fox,,,1aae688472781f1a1aaf3efdb38e884b,2026-06-04,00:30,assists,4.5,-310.0,220.0,True,fanduel,2026-06-03T22:41:54.785553
De'Aaron Fox,,,1aae688472781f1a1aaf3efdb38e884b,2026-06-04,00:30,assists,6.5,140.0,-188.0,True,fanduel,2026-06-03T22:41:54.785555
De'Aaron Fox,,,1aae688472781f1a1aaf3efdb38e884b,2026-06-04,00:30,assists,8.5,450.0,-800.0,True,fanduel,2026-06-03T22:41:54.785556
Mikal Bridges,,,1aae688472781f1a1aaf3efdb38e884b,2026-06-04,00:30,points,13.5,-122.0,-104.0,False,fanduel,2026-06-03T22:41:54.785578
Stephon Castle,,,1aae688472781f1a1aaf3efdb38e884b,2026-06-04,00:30,points,16.5,-104.0,-122.0,False,fanduel,2026-06-03T22:41:54.785580
Landry Shamet,,,1aae688472781f1a1aaf3efdb38e884b,2026-06-04,00:30,points,5.5,-115.0,-111.0,False,fanduel,2026-06-03T22:41:54.785582
Dylan Harper,,,1aae688472781f1a1aaf3efdb38e884b,2026-06-04,00:30,points,10.5,-104.0,-122.0,False,fanduel,2026-06-03T22:41:54.785584
Devin Vassell,,,1aae688472781f1a1aaf3efdb38e884b,2026-06-04,00:30,points,13.5,100.0,-128.0,False,fanduel,2026-06-03T22:41:54.785585
Julian Champagnie,,,1aae688472781f1a1aaf3efdb38e884b,2026-06-04,00:30,points,10.5,-106.0,-120.0,False,fanduel,2026-06-03T22:41:54.785587
Josh Hart,,,1aae688472781f1a1aaf3efdb38e884b,2026-06-04,00:30,points,11.5,-122.0,-104.0,False,fanduel,2026-06-03T22:41:54.785589
Mitchell Robinson,,,1aae688472781f1a1aaf3efdb38e884b,2026-06-04,00:30,points,3.5,-120.0,-106.0,False,fanduel,2026-06-03T22:41:54.785591
Victor Wembanyama,,,1aae688472781f1a1aaf3efdb38e884b,2026-06-04,00:30,points,26.5,-115.0,-111.0,False,fanduel,2026-06-03T22:41:54.785592
Miles McBride,,,1aae688472781f1a1aaf3efdb38e884b,2026-06-04,00:30,points,5.5,-106.0,-120.0,False,fanduel,2026-06-03T22:41:54.785594
De'Aaron Fox,,,1aae688472781f1a1aaf3efdb38e884b,2026-06-04,00:30,points,15.5,-102.0,-125.0,False,fanduel,2026-06-03T22:41:54.785596
Jalen Brunson,,,1aae688472781f1a1aaf3efdb38e884b,2026-06-04,00:30,points,25.5,-106.0,-120.0,False,fanduel,2026-06-03T22:41:54.785598
OG Anunoby,,,1aae688472781f1a1aaf3efdb38e884b,2026-06-04,00:30,points,15.5,-111.0,-115.0,False,fanduel,2026-06-03T22:41:54.785599
Luke Kornet,,,1aae688472781f1a1aaf3efdb38e884b,2026-06-04,00:30,points,2.5,-113.0,-113.0,False,fanduel,2026-06-03T22:41:54.785601
Keldon Johnson,,,1aae688472781f1a1aaf3efdb38e884b,2026-06-04,00:30,points,8.5,106.0,-136.0,False,fanduel,2026-06-03T22:41:54.785603
Carter Bryant,,,1aae688472781f1a1aaf3efdb38e884b,2026-06-04,00:30,points,1.5,-136.0,106.0,False,fanduel,2026-06-03T22:41:54.785604
Karl-Anthony Towns,,,1aae688472781f1a1aaf3efdb38e884b,2026-06-04,00:30,points,16.5,-113.0,-113.0,False,fanduel,2026-06-03T22:41:54.785606
Jose Alvarado,,,1aae688472781f1a1aaf3efdb38e884b,2026-06-04,00:30,points,2.5,102.0,-130.0,False,fanduel,2026-06-03T22:41:54.785608
Victor Wembanyama,,,1aae688472781f1a1aaf3efdb38e884b,2026-06-04,00:30,points,24.5,-186.0,138.0,True,fanduel,2026-06-03T22:41:54.785807
Jalen Brunson,,,1aae688472781f1a1aaf3efdb38e884b,2026-06-04,00:30,points,24.5,-136.0,102.0,True,fanduel,2026-06-03T22:41:54.785811
Karl-Anthony Towns,,,1aae688472781f1a1aaf3efdb38e884b,2026-06-04,00:30,points,24.5,560.0,,True,fanduel,2026-06-03T22:41:54.785813
Stephon Castle,,,1aae688472781f1a1aaf3efdb38e884b,2026-06-04,00:30,points,24.5,630.0,,True,fanduel,2026-06-03T22:41:54.785815
OG Anunoby,,,1aae688472781f1a1aaf3efdb38e884b,2026-06-04,00:30,points,24.5,750.0,,True,fanduel,2026-06-03T22:41:54.785817
De'Aaron Fox,,,1aae688472781f1a1aaf3efdb38e884b,2026-06-04,00:30,points,24.5,830.0,,True,fanduel,2026-06-03T22:41:54.785818
Mikal Bridges,,,1aae688472781f1a1aaf3efdb38e884b,2026-06-04,00:30,points,24.5,1200.0,,True,fanduel,2026-06-03T22:41:54.785820
Devin Vassell,,,1aae688472781f1a1aaf3efdb38e884b,2026-06-04,00:30,points,24.5,1300.0,,True,fanduel,2026-06-03T22:41:54.785822
Josh Hart,,,1aae688472781f1a1aaf3efdb38e884b,2026-06-04,00:30,points,24.5,1500.0,,True,fanduel,2026-06-03T22:41:54.785824
Victor Wembanyama,,,1aae688472781f1a1aaf3efdb38e884b,2026-06-04,00:30,points,19.5,-670.0,400.0,True,fanduel,2026-06-03T22:41:54.785825
Jalen Brunson,,,1aae688472781f1a1aaf3efdb38e884b,2026-06-04,00:30,points,19.5,-440.0,290.0,True,fanduel,2026-06-03T22:41:54.785827
Karl-Anthony Towns,,,1aae688472781f1a1aaf3efdb38e884b,2026-06-04,00:30,points,19.5,188.0,-260.0,True,fanduel,2026-06-03T22:41:54.785829
Stephon Castle,,,1aae688472781f1a1aaf3efdb38e884b,2026-06-04,00:30,points,19.5,198.0,-275.0,True,fanduel,2026-06-03T22:41:54.785830
OG Anunoby,,,1aae688472781f1a1aaf3efdb38e884b,2026-06-04,00:30,points,19.5,235.0,-340.0,True,fanduel,2026-06-03T22:41:54.785832
De'Aaron Fox,,,1aae688472781f1a1aaf3efdb38e884b,2026-06-04,00:30,points,19.5,260.0,-380.0,True,fanduel,2026-06-03T22:41:54.785834
Mikal Bridges,,,1aae688472781f1a1aaf3efdb38e884b,2026-06-04,00:30,points,19.5,370.0,-600.0,True,fanduel,2026-06-03T22:41:54.785836
Devin Vassell,,,1aae688472781f1a1aaf3efdb38e884b,2026-06-04,00:30,points,19.5,450.0,,True,fanduel,2026-06-03T22:41:54.785837
Josh Hart,,,1aae688472781f1a1aaf3efdb38e884b,2026-06-04,00:30,points,19.5,560.0,,True,fanduel,2026-06-03T22:41:54.785841
Julian Champagnie,,,1aae688472781f1a1aaf3efdb38e884b,2026-06-04,00:30,points,19.5,1000.0,,True,fanduel,2026-06-03T22:41:54.785843
Dylan Harper,,,1aae688472781f1a1aaf3efdb38e884b,2026-06-04,00:30,points,19.5,1000.0,,True,fanduel,2026-06-03T22:41:54.785845
Keldon Johnson,,,1aae688472781f1a1aaf3efdb38e884b,2026-06-04,00:30,points,19.5,1500.0,,True,fanduel,2026-06-03T22:41:54.785848
Victor Wembanyama,,,1aae688472781f1a1aaf3efdb38e884b,2026-06-04,00:30,points,34.5,410.0,-700.0,True,fanduel,2026-06-03T22:41:54.785850
Jalen Brunson,,,1aae688472781f1a1aaf3efdb38e884b,2026-06-04,00:30,points,34.5,520.0,-1000.0,True,fanduel,2026-06-03T22:41:54.785852
Mikal Bridges,,,1aae688472781f1a1aaf3efdb38e884b,2026-06-04,00:30,points,8.5,-670.0,400.0,True,fanduel,2026-06-03T22:41:54.785854
Mikal Bridges,,,1aae688472781f1a1aaf3efdb38e884b,2026-06-04,00:30,points,9.5,-430.0,300.0,True,fanduel,2026-06-03T22:41:54.785855
Mikal Bridges,,,1aae688472781f1a1aaf3efdb38e884b,2026-06-04,00:30,points,10.5,-320.0,225.0,True,fanduel,2026-06-03T22:41:54.785857
Mikal Bridges,,,1aae688472781f1a1aaf3efdb38e884b,2026-06-04,00:30,points,11.5,-235.0,172.0,True,fanduel,2026-06-03T22:41:54.785859
Mikal Bridges,,,1aae688472781f1a1aaf3efdb38e884b,2026-06-04,00:30,points,12.5,-172.0,128.0,True,fanduel,2026-06-03T22:41:54.785861
Mikal Bridges,,,1aae688472781f1a1aaf3efdb38e884b,2026-06-04,00:30,points,13.5,-125.0,-106.0,True,fanduel,2026-06-03T22:41:54.785862
Mikal Bridges,,,1aae688472781f1a1aaf3efdb38e884b,2026-06-04,00:30,points,14.5,110.0,-144.0,True,fanduel,2026-06-03T22:41:54.785864
Mikal Bridges,,,1aae688472781f1a1aaf3efdb38e884b,2026-06-04,00:30,points,15.5,140.0,-192.0,True,fanduel,2026-06-03T22:41:54.785866
Mikal Bridges,,,1aae688472781f1a1aaf3efdb38e884b,2026-06-04,00:30,points,16.5,182.0,-250.0,True,fanduel,2026-06-03T22:41:54.785868
Mikal Bridges,,,1aae688472781f1a1aaf3efdb38e884b,2026-06-04,00:30,points,17.5,230.0,-330.0,True,fanduel,2026-06-03T22:41:54.785871
Mikal Bridges,,,1aae688472781f1a1aaf3efdb38e884b,2026-06-04,00:30,points,18.5,290.0,-440.0,True,fanduel,2026-06-03T22:41:54.785873
Mikal Bridges,,,1aae688472781f1a1aaf3efdb38e884b,2026-06-04,00:30,points,20.5,470.0,-850.0,True,fanduel,2026-06-03T22:41:54.785875
Devin Vassell,,,1aae688472781f1a1aaf3efdb38e884b,2026-06-04,00:30,points,7.5,-750.0,430.0,True,fanduel,2026-06-03T22:41:54.785876
Devin Vassell,,,1aae688472781f1a1aaf3efdb38e884b,2026-06-04,00:30,points,8.5,-490.0,320.0,True,fanduel,2026-06-03T22:41:54.785878
Devin Vassell,,,1aae688472781f1a1aaf3efdb38e884b,2026-06-04,00:30,points,9.5,-350.0,240.0,True,fanduel,2026-06-03T22:41:54.785880
Devin Vassell,,,1aae688472781f1a1aaf3efdb38e884b,2026-06-04,00:30,points,10.5,-250.0,182.0,True,fanduel,2026-06-03T22:41:54.785882
Devin Vassell,,,1aae688472781f1a1aaf3efdb38e884b,2026-06-04,00:30,points,11.5,-188.0,140.0,True,fanduel,2026-06-03T22:41:54.785883
Devin Vassell,,,1aae688472781f1a1aaf3efdb38e884b,2026-06-04,00:30,points,12.5,-138.0,104.0,True,fanduel,2026-06-03T22:41:54.785885
Devin Vassell,,,1aae688472781f1a1aaf3efdb38e884b,2026-06-04,00:30,points,13.5,100.0,-132.0,True,fanduel,2026-06-03T22:41:54.785887
Devin Vassell,,,1aae688472781f1a1aaf3efdb38e884b,2026-06-04,00:30,points,14.5,132.0,-174.0,True,fanduel,2026-06-03T22:41:54.785889
Devin Vassell,,,1aae688472781f1a1aaf3efdb38e884b,2026-06-04,00:30,points,15.5,168.0,-230.0,True,fanduel,2026-06-03T22:41:54.785890
Devin Vassell,,,1aae688472781f1a1aaf3efdb38e884b,2026-06-04,00:30,points,16.5,220.0,-310.0,True,fanduel,2026-06-03T22:41:54.785892
Devin Vassell,,,1aae688472781f1a1aaf3efdb38e884b,2026-06-04,00:30,points,17.5,280.0,-420.0,True,fanduel,2026-06-03T22:41:54.785894
Devin Vassell,,,1aae688472781f1a1aaf3efdb38e884b,2026-06-04,00:30,points,18.5,350.0,-550.0,True,fanduel,2026-06-03T22:41:54.785896
Dylan Harper,,,1aae688472781f1a1aaf3efdb38e884b,2026-06-04,00:30,points,5.5,-700.0,410.0,True,fanduel,2026-06-03T22:41:54.785897
Dylan Harper,,,1aae688472781f1a1aaf3efdb38e884b,2026-06-04,00:30,points,6.5,-420.0,280.0,True,fanduel,2026-06-03T22:41:54.785899
Dylan Harper,,,1aae688472781f1a1aaf3efdb38e884b,2026-06-04,00:30,points,7.5,-290.0,205.0,True,fanduel,2026-06-03T22:41:54.785917
Dylan Harper,,,1aae688472781f1a1aaf3efdb38e884b,2026-06-04,00:30,points,8.5,-205.0,152.0,True,fanduel,2026-06-03T22:41:54.785920
Dylan Harper,,,1aae688472781f1a1aaf3efdb38e884b,2026-06-04,00:30,points,9.5,-142.0,110.0,True,fanduel,2026-06-03T22:41:54.785922
Dylan Harper,,,1aae688472781f1a1aaf3efdb38e884b,2026-06-04,00:30,points,10.5,-104.0,-128.0,True,fanduel,2026-06-03T22:41:54.785923
Dylan Harper,,,1aae688472781f1a1aaf3efdb38e884b,2026-06-04,00:30,points,11.5,130.0,-174.0,True,fanduel,2026-06-03T22:41:54.785925
Dylan Harper,,,1aae688472781f1a1aaf3efdb38e884b,2026-06-04,00:30,points,12.5,174.0,-240.0,True,fanduel,2026-06-03T22:41:54.785927
Dylan Harper,,,1aae688472781f1a1aaf3efdb38e884b,2026-06-04,00:30,points,13.5,225.0,-320.0,True,fanduel,2026-06-03T22:41:54.785929
Dylan Harper,,,1aae688472781f1a1aaf3efdb38e884b,2026-06-04,00:30,points,14.5,300.0,-440.0,True,fanduel,2026-06-03T22:41:54.785930
Julian Champagnie,,,1aae688472781f1a1aaf3efdb38e884b,2026-06-04,00:30,points,4.5,-1200.0,,True,fanduel,2026-06-03T22:41:54.785932
Julian Champagnie,,,1aae688472781f1a1aaf3efdb38e884b,2026-06-04,00:30,points,5.5,-670.0,390.0,True,fanduel,2026-06-03T22:41:54.785934
Julian Champagnie,,,1aae688472781f1a1aaf3efdb38e884b,2026-06-04,00:30,points,6.5,-400.0,270.0,True,fanduel,2026-06-03T22:41:54.785935
Julian Champagnie,,,1aae688472781f1a1aaf3efdb38e884b,2026-06-04,00:30,points,7.5,-300.0,210.0,True,fanduel,2026-06-03T22:41:54.785937
Julian Champagnie,,,1aae688472781f1a1aaf3efdb38e884b,2026-06-04,00:30,points,8.5,-205.0,152.0,True,fanduel,2026-06-03T22:41:54.785939
Julian Champagnie,,,1aae688472781f1a1aaf3efdb38e884b,2026-06-04,00:30,points,9.5,-138.0,106.0,True,fanduel,2026-06-03T22:41:54.785941
Julian Champagnie,,,1aae688472781f1a1aaf3efdb38e884b,2026-06-04,00:30,points,10.5,-108.0,-122.0,True,fanduel,2026-06-03T22:41:54.785944
Julian Champagnie,,,1aae688472781f1a1aaf3efdb38e884b,2026-06-04,00:30,points,11.5,128.0,-174.0,True,fanduel,2026-06-03T22:41:54.785946
Julian Champagnie,,,1aae688472781f1a1aaf3efdb38e884b,2026-06-04,00:30,points,12.5,172.0,-235.0,True,fanduel,2026-06-03T22:41:54.785948
Julian Champagnie,,,1aae688472781f1a1aaf3efdb38e884b,2026-06-04,00:30,points,13.5,205.0,-290.0,True,fanduel,2026-06-03T22:41:54.785949
Keldon Johnson,,,1aae688472781f1a1aaf3efdb38e884b,2026-06-04,00:30,points,3.5,-700.0,410.0,True,fanduel,2026-06-03T22:41:54.785953
Keldon Johnson,,,1aae688472781f1a1aaf3efdb38e884b,2026-06-04,00:30,points,4.5,-420.0,280.0,True,fanduel,2026-06-03T22:41:54.785955
Keldon Johnson,,,1aae688472781f1a1aaf3efdb38e884b,2026-06-04,00:30,points,5.5,-270.0,194.0,True,fanduel,2026-06-03T22:41:54.785956
Keldon Johnson,,,1aae688472781f1a1aaf3efdb38e884b,2026-06-04,00:30,points,6.5,-188.0,140.0,True,fanduel,2026-06-03T22:41:54.785958
Keldon Johnson,,,1aae688472781f1a1aaf3efdb38e884b,2026-06-04,00:30,points,7.5,-136.0,102.0,True,fanduel,2026-06-03T22:41:54.785960
Keldon Johnson,,,1aae688472781f1a1aaf3efdb38e884b,2026-06-04,00:30,points,8.5,104.0,-138.0,True,fanduel,2026-06-03T22:41:54.785961
Keldon Johnson,,,1aae688472781f1a1aaf3efdb38e884b,2026-06-04,00:30,points,9.5,146.0,-194.0,True,fanduel,2026-06-03T22:41:54.785963
Keldon Johnson,,,1aae688472781f1a1aaf3efdb38e884b,2026-06-04,00:30,points,10.5,194.0,-270.0,True,fanduel,2026-06-03T22:41:54.785965
Keldon Johnson,,,1aae688472781f1a1aaf3efdb38e884b,2026-06-04,00:30,points,11.5,240.0,-360.0,True,fanduel,2026-06-03T22:41:54.785966
Keldon Johnson,,,1aae688472781f1a1aaf3efdb38e884b,2026-06-04,00:30,points,12.5,320.0,-490.0,True,fanduel,2026-06-03T22:41:54.785968
Josh Hart,,,1aae688472781f1a1aaf3efdb38e884b,2026-06-04,00:30,points,6.5,-670.0,400.0,True,fanduel,2026-06-03T22:41:54.785970
Josh Hart,,,1aae688472781f1a1aaf3efdb38e884b,2026-06-04,00:30,points,7.5,-440.0,290.0,True,fanduel,2026-06-03T22:41:54.785972
Josh Hart,,,1aae688472781f1a1aaf3efdb38e884b,2026-06-04,00:30,points,8.5,-310.0,220.0,True,fanduel,2026-06-03T22:41:54.785973
Josh Hart,,,1aae688472781f1a1aaf3efdb38e884b,2026-06-04,00:30,points,9.5,-215.0,164.0,True,fanduel,2026-06-03T22:41:54.785975
Josh Hart,,,1aae688472781f1a1aaf3efdb38e884b,2026-06-04,00:30,points,10.5,-166.0,124.0,True,fanduel,2026-06-03T22:41:54.785977
Josh Hart,,,1aae688472781f1a1aaf3efdb38e884b,2026-06-04,00:30,points,11.5,-125.0,-106.0,True,fanduel,2026-06-03T22:41:54.785978
Josh Hart,,,1aae688472781f1a1aaf3efdb38e884b,2026-06-04,00:30,points,12.5,106.0,-140.0,True,fanduel,2026-06-03T22:41:54.785980
Josh Hart,,,1aae688472781f1a1aaf3efdb38e884b,2026-06-04,00:30,points,13.5,140.0,-188.0,True,fanduel,2026-06-03T22:41:54.785984
Josh Hart,,,1aae688472781f1a1aaf3efdb38e884b,2026-06-04,00:30,points,14.5,182.0,-245.0,True,fanduel,2026-06-03T22:41:54.785985
Josh Hart,,,1aae688472781f1a1aaf3efdb38e884b,2026-06-04,00:30,points,15.5,225.0,-320.0,True,fanduel,2026-06-03T22:41:54.785987
Victor Wembanyama,,,1aae688472781f1a1aaf3efdb38e884b,2026-06-04,00:30,points,14.5,-5000.0,,True,fanduel,2026-06-03T22:41:54.785989
Jalen Brunson,,,1aae688472781f1a1aaf3efdb38e884b,2026-06-04,00:30,points,14.5,-3000.0,,True,fanduel,2026-06-03T22:41:54.785990
Karl-Anthony Towns,,,1aae688472781f1a1aaf3efdb38e884b,2026-06-04,00:30,points,14.5,-198.0,146.0,True,fanduel,2026-06-03T22:41:54.785992
Stephon Castle,,,1aae688472781f1a1aaf3efdb38e884b,2026-06-04,00:30,points,14.5,-188.0,140.0,True,fanduel,2026-06-03T22:41:54.785994
OG Anunoby,,,1aae688472781f1a1aaf3efdb38e884b,2026-06-04,00:30,points,14.5,-146.0,110.0,True,fanduel,2026-06-03T22:41:54.785996
De'Aaron Fox,,,1aae688472781f1a1aaf3efdb38e884b,2026-06-04,00:30,points,14.5,-138.0,104.0,True,fanduel,2026-06-03T22:41:54.785997
Julian Champagnie,,,1aae688472781f1a1aaf3efdb38e884b,2026-06-04,00:30,points,14.5,280.0,,True,fanduel,2026-06-03T22:41:54.785999
Keldon Johnson,,,1aae688472781f1a1aaf3efdb38e884b,2026-06-04,00:30,points,14.5,560.0,,True,fanduel,2026-06-03T22:41:54.786001
Landry Shamet,,,1aae688472781f1a1aaf3efdb38e884b,2026-06-04,00:30,points,14.5,1100.0,,True,fanduel,2026-06-03T22:41:54.786004
Miles McBride,,,1aae688472781f1a1aaf3efdb38e884b,2026-06-04,00:30,points,14.5,1200.0,,True,fanduel,2026-06-03T22:41:54.786006
Victor Wembanyama,,,1aae688472781f1a1aaf3efdb38e884b,2026-06-04,00:30,points,18.5,-900.0,,True,fanduel,2026-06-03T22:41:54.786008
Victor Wembanyama,,,1aae688472781f1a1aaf3efdb38e884b,2026-06-04,00:30,points,20.5,-500.0,320.0,True,fanduel,2026-06-03T22:41:54.786009
Victor Wembanyama,,,1aae688472781f1a1aaf3efdb38e884b,2026-06-04,00:30,points,21.5,-390.0,265.0,True,fanduel,2026-06-03T22:41:54.786011
Victor Wembanyama,,,1aae688472781f1a1aaf3efdb38e884b,2026-06-04,00:30,points,22.5,-300.0,210.0,True,fanduel,2026-06-03T22:41:54.786013
Victor Wembanyama,,,1aae688472781f1a1aaf3efdb38e884b,2026-06-04,00:30,points,23.5,-240.0,174.0,True,fanduel,2026-06-03T22:41:54.786014
Victor Wembanyama,,,1aae688472781f1a1aaf3efdb38e884b,2026-06-04,00:30,points,25.5,-146.0,110.0,True,fanduel,2026-06-03T22:41:54.786016
Victor Wembanyama,,,1aae688472781f1a1aaf3efdb38e884b,2026-06-04,00:30,points,26.5,-118.0,-112.0,True,fanduel,2026-06-03T22:41:54.786018
Victor Wembanyama,,,1aae688472781f1a1aaf3efdb38e884b,2026-06-04,00:30,points,27.5,104.0,-138.0,True,fanduel,2026-06-03T22:41:54.786019
Victor Wembanyama,,,1aae688472781f1a1aaf3efdb38e884b,2026-06-04,00:30,points,28.5,130.0,-174.0,True,fanduel,2026-06-03T22:41:54.786021
Victor Wembanyama,,,1aae688472781f1a1aaf3efdb38e884b,2026-06-04,00:30,points,29.5,162.0,-220.0,True,fanduel,2026-06-03T22:41:54.786023
Victor Wembanyama,,,1aae688472781f1a1aaf3efdb38e884b,2026-06-04,00:30,points,30.5,194.0,-270.0,True,fanduel,2026-06-03T22:41:54.786025
Victor Wembanyama,,,1aae688472781f1a1aaf3efdb38e884b,2026-06-04,00:30,points,31.5,225.0,-320.0,True,fanduel,2026-06-03T22:41:54.786026
Victor Wembanyama,,,1aae688472781f1a1aaf3efdb38e884b,2026-06-04,00:30,points,32.5,280.0,-420.0,True,fanduel,2026-06-03T22:41:54.786028
Victor Wembanyama,,,1aae688472781f1a1aaf3efdb38e884b,2026-06-04,00:30,points,33.5,350.0,-550.0,True,fanduel,2026-06-03T22:41:54.786030
Victor Wembanyama,,,1aae688472781f1a1aaf3efdb38e884b,2026-06-04,00:30,points,35.5,,-1000.0,True,fanduel,2026-06-03T22:41:54.786031
Victor Wembanyama,,,1aae688472781f1a1aaf3efdb38e884b,2026-06-04,00:30,points,36.5,,-1400.0,True,fanduel,2026-06-03T22:41:54.786033
Karl-Anthony Towns,,,1aae688472781f1a1aaf3efdb38e884b,2026-06-04,00:30,points,9.5,-1200.0,,True,fanduel,2026-06-03T22:41:54.786035
Stephon Castle,,,1aae688472781f1a1aaf3efdb38e884b,2026-06-04,00:30,points,9.5,-1200.0,,True,fanduel,2026-06-03T22:41:54.786037
OG Anunoby,,,1aae688472781f1a1aaf3efdb38e884b,2026-06-04,00:30,points,9.5,-750.0,430.0,True,fanduel,2026-06-03T22:41:54.786038
De'Aaron Fox,,,1aae688472781f1a1aaf3efdb38e884b,2026-06-04,00:30,points,9.5,-700.0,410.0,True,fanduel,2026-06-03T22:41:54.786040
Landry Shamet,,,1aae688472781f1a1aaf3efdb38e884b,2026-06-04,00:30,points,9.5,340.0,,True,fanduel,2026-06-03T22:41:54.786042
Miles McBride,,,1aae688472781f1a1aaf3efdb38e884b,2026-06-04,00:30,points,9.5,350.0,,True,fanduel,2026-06-03T22:41:54.786045
Mitchell Robinson,,,1aae688472781f1a1aaf3efdb38e884b,2026-06-04,00:30,points,9.5,630.0,,True,fanduel,2026-06-03T22:41:54.786047
Jalen Brunson,,,1aae688472781f1a1aaf3efdb38e884b,2026-06-04,00:30,points,29.5,210.0,-300.0,True,fanduel,2026-06-03T22:41:54.786048
Karl-Anthony Towns,,,1aae688472781f1a1aaf3efdb38e884b,2026-06-04,00:30,points,29.5,1500.0,,True,fanduel,2026-06-03T22:41:54.786050
Stephon Castle,,,1aae688472781f1a1aaf3efdb38e884b,2026-06-04,00:30,points,29.5,1500.0,,True,fanduel,2026-06-03T22:41:54.786052
OG Anunoby,,,1aae688472781f1a1aaf3efdb38e884b,2026-06-04,00:30,points,29.5,1700.0,,True,fanduel,2026-06-03T22:41:54.786054
De'Aaron Fox,,,1aae688472781f1a1aaf3efdb38e884b,2026-06-04,00:30,points,29.5,2200.0,,True,fanduel,2026-06-03T22:41:54.786055
Victor Wembanyama,,,1aae688472781f1a1aaf3efdb38e884b,2026-06-04,00:30,points,49.5,6500.0,,True,fanduel,2026-06-03T22:41:54.786057
Karl-Anthony Towns,,,1aae688472781f1a1aaf3efdb38e884b,2026-06-04,00:30,points,10.5,-700.0,410.0,True,fanduel,2026-06-03T22:41:54.786059
Karl-Anthony Towns,,,1aae688472781f1a1aaf3efdb38e884b,2026-06-04,00:30,points,11.5,-500.0,320.0,True,fanduel,2026-06-03T22:41:54.786062
Karl-Anthony Towns,,,1aae688472781f1a1aaf3efdb38e884b,2026-06-04,00:30,points,12.5,-350.0,240.0,True,fanduel,2026-06-03T22:41:54.786064
Karl-Anthony Towns,,,1aae688472781f1a1aaf3efdb38e884b,2026-06-04,00:30,points,13.5,-270.0,194.0,True,fanduel,2026-06-03T22:41:54.786066
Karl-Anthony Towns,,,1aae688472781f1a1aaf3efdb38e884b,2026-06-04,00:30,points,15.5,-152.0,114.0,True,fanduel,2026-06-03T22:41:54.786067
Karl-Anthony Towns,,,1aae688472781f1a1aaf3efdb38e884b,2026-06-04,00:30,points,16.5,-114.0,-114.0,True,fanduel,2026-06-03T22:41:54.786069
Karl-Anthony Towns,,,1aae688472781f1a1aaf3efdb38e884b,2026-06-04,00:30,points,17.5,116.0,-154.0,True,fanduel,2026-06-03T22:41:54.786071
Karl-Anthony Towns,,,1aae688472781f1a1aaf3efdb38e884b,2026-06-04,00:30,points,18.5,152.0,-205.0,True,fanduel,2026-06-03T22:41:54.786072
Karl-Anthony Towns,,,1aae688472781f1a1aaf3efdb38e884b,2026-06-04,00:30,points,20.5,230.0,-330.0,True,fanduel,2026-06-03T22:41:54.786074
Karl-Anthony Towns,,,1aae688472781f1a1aaf3efdb38e884b,2026-06-04,00:30,points,21.5,290.0,-440.0,True,fanduel,2026-06-03T22:41:54.786076
Karl-Anthony Towns,,,1aae688472781f1a1aaf3efdb38e884b,2026-06-04,00:30,points,22.5,360.0,-580.0,True,fanduel,2026-06-03T22:41:54.786077
Karl-Anthony Towns,,,1aae688472781f1a1aaf3efdb38e884b,2026-06-04,00:30,points,23.5,430.0,-750.0,True,fanduel,2026-06-03T22:41:54.786079
Jalen Brunson,,,1aae688472781f1a1aaf3efdb38e884b,2026-06-04,00:30,points,44.5,3500.0,,True,fanduel,2026-06-03T22:41:54.786081
Victor Wembanyama,,,1aae688472781f1a1aaf3efdb38e884b,2026-06-04,00:30,points,44.5,2500.0,,True,fanduel,2026-06-03T22:41:54.786083
De'Aaron Fox,,,1aae688472781f1a1aaf3efdb38e884b,2026-06-04,00:30,points,10.5,-490.0,320.0,True,fanduel,2026-06-03T22:41:54.786084
De'Aaron Fox,,,1aae688472781f1a1aaf3efdb38e884b,2026-06-04,00:30,points,11.5,-340.0,235.0,True,fanduel,2026-06-03T22:41:54.786086
De'Aaron Fox,,,1aae688472781f1a1aaf3efdb38e884b,2026-06-04,00:30,points,12.5,-250.0,182.0,True,fanduel,2026-06-03T22:41:54.786088
De'Aaron Fox,,,1aae688472781f1a1aaf3efdb38e884b,2026-06-04,00:30,points,13.5,-188.0,140.0,True,fanduel,2026-06-03T22:41:54.786089
De'Aaron Fox,,,1aae688472781f1a1aaf3efdb38e884b,2026-06-04,00:30,points,15.5,-102.0,-128.0,True,fanduel,2026-06-03T22:41:54.786091
De'Aaron Fox,,,1aae688472781f1a1aaf3efdb38e884b,2026-06-04,00:30,points,16.5,124.0,-166.0,True,fanduel,2026-06-03T22:41:54.786093
De'Aaron Fox,,,1aae688472781f1a1aaf3efdb38e884b,2026-06-04,00:30,points,17.5,162.0,-220.0,True,fanduel,2026-06-03T22:41:54.786095
De'Aaron Fox,,,1aae688472781f1a1aaf3efdb38e884b,2026-06-04,00:30,points,18.5,200.0,-280.0,True,fanduel,2026-06-03T22:41:54.786096
De'Aaron Fox,,,1aae688472781f1a1aaf3efdb38e884b,2026-06-04,00:30,points,20.5,320.0,-500.0,True,fanduel,2026-06-03T22:41:54.786100
De'Aaron Fox,,,1aae688472781f1a1aaf3efdb38e884b,2026-06-04,00:30,points,21.5,400.0,-670.0,True,fanduel,2026-06-03T22:41:54.786101
Stephon Castle,,,1aae688472781f1a1aaf3efdb38e884b,2026-06-04,00:30,points,10.5,-700.0,410.0,True,fanduel,2026-06-03T22:41:54.786103
Stephon Castle,,,1aae688472781f1a1aaf3efdb38e884b,2026-06-04,00:30,points,11.5,-490.0,320.0,True,fanduel,2026-06-03T22:41:54.786105
Stephon Castle,,,1aae688472781f1a1aaf3efdb38e884b,2026-06-04,00:30,points,12.5,-340.0,235.0,True,fanduel,2026-06-03T22:41:54.786106
Stephon Castle,,,1aae688472781f1a1aaf3efdb38e884b,2026-06-04,00:30,points,13.5,-250.0,182.0,True,fanduel,2026-06-03T22:41:54.786108
Stephon Castle,,,1aae688472781f1a1aaf3efdb38e884b,2026-06-04,00:30,points,15.5,-140.0,106.0,True,fanduel,2026-06-03T22:41:54.786110
Stephon Castle,,,1aae688472781f1a1aaf3efdb38e884b,2026-06-04,00:30,points,16.5,-106.0,-125.0,True,fanduel,2026-06-03T22:41:54.786112
Stephon Castle,,,1aae688472781f1a1aaf3efdb38e884b,2026-06-04,00:30,points,17.5,120.0,-160.0,True,fanduel,2026-06-03T22:41:54.786113
Stephon Castle,,,1aae688472781f1a1aaf3efdb38e884b,2026-06-04,00:30,points,18.5,154.0,-210.0,True,fanduel,2026-06-03T22:41:54.786115
Stephon Castle,,,1aae688472781f1a1aaf3efdb38e884b,2026-06-04,00:30,points,20.5,240.0,-350.0,True,fanduel,2026-06-03T22:41:54.786117
Stephon Castle,,,1aae688472781f1a1aaf3efdb38e884b,2026-06-04,00:30,points,21.5,310.0,-470.0,True,fanduel,2026-06-03T22:41:54.786121
Stephon Castle,,,1aae688472781f1a1aaf3efdb38e884b,2026-06-04,00:30,points,22.5,390.0,-650.0,True,fanduel,2026-06-03T22:41:54.786122
Stephon Castle,,,1aae688472781f1a1aaf3efdb38e884b,2026-06-04,00:30,points,23.5,490.0,-900.0,True,fanduel,2026-06-03T22:41:54.786124
Victor Wembanyama,,,1aae688472781f1a1aaf3efdb38e884b,2026-06-04,00:30,points,39.5,1060.0,,True,fanduel,2026-06-03T22:41:54.786126
Jalen Brunson,,,1aae688472781f1a1aaf3efdb38e884b,2026-06-04,00:30,points,39.5,1200.0,,True,fanduel,2026-06-03T22:41:54.786128
OG Anunoby,,,1aae688472781f1a1aaf3efdb38e884b,2026-06-04,00:30,points,10.5,-490.0,320.0,True,fanduel,2026-06-03T22:41:54.786129
OG Anunoby,,,1aae688472781f1a1aaf3efdb38e884b,2026-06-04,00:30,points,11.5,-340.0,235.0,True,fanduel,2026-06-03T22:41:54.786131
OG Anunoby,,,1aae688472781f1a1aaf3efdb38e884b,2026-06-04,00:30,points,12.5,-260.0,188.0,True,fanduel,2026-06-03T22:41:54.786133
OG Anunoby,,,1aae688472781f1a1aaf3efdb38e884b,2026-06-04,00:30,points,13.5,-198.0,146.0,True,fanduel,2026-06-03T22:41:54.786135
OG Anunoby,,,1aae688472781f1a1aaf3efdb38e884b,2026-06-04,00:30,points,15.5,-112.0,-118.0,True,fanduel,2026-06-03T22:41:54.786136
OG Anunoby,,,1aae688472781f1a1aaf3efdb38e884b,2026-06-04,00:30,points,16.5,116.0,-154.0,True,fanduel,2026-06-03T22:41:54.786140
OG Anunoby,,,1aae688472781f1a1aaf3efdb38e884b,2026-06-04,00:30,points,17.5,148.0,-200.0,True,fanduel,2026-06-03T22:41:54.786141
OG Anunoby,,,1aae688472781f1a1aaf3efdb38e884b,2026-06-04,00:30,points,18.5,188.0,-260.0,True,fanduel,2026-06-03T22:41:54.786143
OG Anunoby,,,1aae688472781f1a1aaf3efdb38e884b,2026-06-04,00:30,points,20.5,300.0,-450.0,True,fanduel,2026-06-03T22:41:54.786145
OG Anunoby,,,1aae688472781f1a1aaf3efdb38e884b,2026-06-04,00:30,points,21.5,370.0,-600.0,True,fanduel,2026-06-03T22:41:54.786146
OG Anunoby,,,1aae688472781f1a1aaf3efdb38e884b,2026-06-04,00:30,points,22.5,450.0,-800.0,True,fanduel,2026-06-03T22:41:54.786148
OG Anunoby,,,1aae688472781f1a1aaf3efdb38e884b,2026-06-04,00:30,points,23.5,,-1200.0,True,fanduel,2026-06-03T22:41:54.786150
Jalen Brunson,,,1aae688472781f1a1aaf3efdb38e884b,2026-06-04,00:30,points,16.5,-1200.0,,True,fanduel,2026-06-03T22:41:54.786151
Jalen Brunson,,,1aae688472781f1a1aaf3efdb38e884b,2026-06-04,00:30,points,17.5,-750.0,430.0,True,fanduel,2026-06-03T22:41:54.786153
Jalen Brunson,,,1aae688472781f1a1aaf3efdb38e884b,2026-06-04,00:30,points,18.5,-580.0,360.0,True,fanduel,2026-06-03T22:41:54.786155
Jalen Brunson,,,1aae688472781f1a1aaf3efdb38e884b,2026-06-04,00:30,points,20.5,-330.0,230.0,True,fanduel,2026-06-03T22:41:54.786157
Jalen Brunson,,,1aae688472781f1a1aaf3efdb38e884b,2026-06-04,00:30,points,21.5,-260.0,188.0,True,fanduel,2026-06-03T22:41:54.786158
Jalen Brunson,,,1aae688472781f1a1aaf3efdb38e884b,2026-06-04,00:30,points,22.5,-210.0,154.0,True,fanduel,2026-06-03T22:41:54.786160
Jalen Brunson,,,1aae688472781f1a1aaf3efdb38e884b,2026-06-04,00:30,points,23.5,-168.0,126.0,True,fanduel,2026-06-03T22:41:54.786162
Jalen Brunson,,,1aae688472781f1a1aaf3efdb38e884b,2026-06-04,00:30,points,25.5,-108.0,-122.0,True,fanduel,2026-06-03T22:41:54.786164
Jalen Brunson,,,1aae688472781f1a1aaf3efdb38e884b,2026-06-04,00:30,points,26.5,116.0,-154.0,True,fanduel,2026-06-03T22:41:54.786165
Jalen Brunson,,,1aae688472781f1a1aaf3efdb38e884b,2026-06-04,00:30,points,27.5,142.0,-192.0,True,fanduel,2026-06-03T22:41:54.786167
Jalen Brunson,,,1aae688472781f1a1aaf3efdb38e884b,2026-06-04,00:30,points,28.5,174.0,-240.0,True,fanduel,2026-06-03T22:41:54.786169
Jalen Brunson,,,1aae688472781f1a1aaf3efdb38e884b,2026-06-04,00:30,points,30.5,250.0,-360.0,True,fanduel,2026-06-03T22:41:54.786170
Jalen Brunson,,,1aae688472781f1a1aaf3efdb38e884b,2026-06-04,00:30,points,31.5,310.0,-470.0,True,fanduel,2026-06-03T22:41:54.786172
Jalen Brunson,,,1aae688472781f1a1aaf3efdb38e884b,2026-06-04,00:30,points,32.5,360.0,-580.0,True,fanduel,2026-06-03T22:41:54.786174
Jalen Brunson,,,1aae688472781f1a1aaf3efdb38e884b,2026-06-04,00:30,points,33.5,410.0,-700.0,True,fanduel,2026-06-03T22:41:54.786177
Jalen Brunson,,,1aae688472781f1a1aaf3efdb38e884b,2026-06-04,00:30,points,35.5,,-1400.0,True,fanduel,2026-06-03T22:41:54.786179
De'Aaron Fox,,,1aae688472781f1a1aaf3efdb38e884b,2026-06-04,00:30,rebounds,3.5,-102.0,-125.0,False,fanduel,2026-06-03T22:41:54.786205
Mikal Bridges,,,1aae688472781f1a1aaf3efdb38e884b,2026-06-04,00:30,rebounds,3.5,-118.0,-108.0,False,fanduel,2026-06-03T22:41:54.786207
Landry Shamet,,,1aae688472781f1a1aaf3efdb38e884b,2026-06-04,00:30,rebounds,1.5,150.0,-194.0,False,fanduel,2026-06-03T22:41:54.786209
Stephon Castle,,,1aae688472781f1a1aaf3efdb38e884b,2026-06-04,00:30,rebounds,4.5,-138.0,108.0,False,fanduel,2026-06-03T22:41:54.786210
Dylan Harper,,,1aae688472781f1a1aaf3efdb38e884b,2026-06-04,00:30,rebounds,3.5,-146.0,114.0,False,fanduel,2026-06-03T22:41:54.786212
Jalen Brunson,,,1aae688472781f1a1aaf3efdb38e884b,2026-06-04,00:30,rebounds,2.5,-154.0,120.0,False,fanduel,2026-06-03T22:41:54.786214
Victor Wembanyama,,,1aae688472781f1a1aaf3efdb38e884b,2026-06-04,00:30,rebounds,11.5,-118.0,-108.0,False,fanduel,2026-06-03T22:41:54.786215
Devin Vassell,,,1aae688472781f1a1aaf3efdb38e884b,2026-06-04,00:30,rebounds,4.5,124.0,-160.0,False,fanduel,2026-06-03T22:41:54.786217
Carter Bryant,,,1aae688472781f1a1aaf3efdb38e884b,2026-06-04,00:30,rebounds,1.5,128.0,-164.0,False,fanduel,2026-06-03T22:41:54.786219
Josh Hart,,,1aae688472781f1a1aaf3efdb38e884b,2026-06-04,00:30,rebounds,8.5,114.0,-146.0,False,fanduel,2026-06-03T22:41:54.786221
Julian Champagnie,,,1aae688472781f1a1aaf3efdb38e884b,2026-06-04,00:30,rebounds,5.5,-108.0,-115.0,False,fanduel,2026-06-03T22:41:54.786222
Miles McBride,,,1aae688472781f1a1aaf3efdb38e884b,2026-06-04,00:30,rebounds,1.5,164.0,-215.0,False,fanduel,2026-06-03T22:41:54.786224
Mitchell Robinson,,,1aae688472781f1a1aaf3efdb38e884b,2026-06-04,00:30,rebounds,4.5,-162.0,126.0,False,fanduel,2026-06-03T22:41:54.786226
OG Anunoby,,,1aae688472781f1a1aaf3efdb38e884b,2026-06-04,00:30,rebounds,5.5,-125.0,-102.0,False,fanduel,2026-06-03T22:41:54.786228
Karl-Anthony Towns,,,1aae688472781f1a1aaf3efdb38e884b,2026-06-04,00:30,rebounds,11.5,100.0,-128.0,False,fanduel,2026-06-03T22:41:54.786229
Karl-Anthony Towns,,,1aae688472781f1a1aaf3efdb38e884b,2026-06-04,00:30,rebounds,7.5,-650.0,400.0,True,fanduel,2026-06-03T22:41:54.786311
Karl-Anthony Towns,,,1aae688472781f1a1aaf3efdb38e884b,2026-06-04,00:30,rebounds,8.5,-360.0,260.0,True,fanduel,2026-06-03T22:41:54.786313
Karl-Anthony Towns,,,1aae688472781f1a1aaf3efdb38e884b,2026-06-04,00:30,rebounds,9.5,-265.0,194.0,True,fanduel,2026-06-03T22:41:54.786314
Karl-Anthony Towns,,,1aae688472781f1a1aaf3efdb38e884b,2026-06-04,00:30,rebounds,10.5,-166.0,124.0,True,fanduel,2026-06-03T22:41:54.786316
Karl-Anthony Towns,,,1aae688472781f1a1aaf3efdb38e884b,2026-06-04,00:30,rebounds,11.5,100.0,-132.0,True,fanduel,2026-06-03T22:41:54.786318
Karl-Anthony Towns,,,1aae688472781f1a1aaf3efdb38e884b,2026-06-04,00:30,rebounds,12.5,154.0,-210.0,True,fanduel,2026-06-03T22:41:54.786319
Karl-Anthony Towns,,,1aae688472781f1a1aaf3efdb38e884b,2026-06-04,00:30,rebounds,13.5,240.0,-330.0,True,fanduel,2026-06-03T22:41:54.786321
Karl-Anthony Towns,,,1aae688472781f1a1aaf3efdb38e884b,2026-06-04,00:30,rebounds,14.5,320.0,-500.0,True,fanduel,2026-06-03T22:41:54.786323
Karl-Anthony Towns,,,1aae688472781f1a1aaf3efdb38e884b,2026-06-04,00:30,rebounds,15.5,520.0,-900.0,True,fanduel,2026-06-03T22:41:54.786324
Karl-Anthony Towns,,,1aae688472781f1a1aaf3efdb38e884b,2026-06-04,00:30,rebounds,5.5,-4000.0,,True,fanduel,2026-06-03T22:41:54.786326
Josh Hart,,,1aae688472781f1a1aaf3efdb38e884b,2026-06-04,00:30,rebounds,5.5,-580.0,360.0,True,fanduel,2026-06-03T22:41:54.786328
OG Anunoby,,,1aae688472781f1a1aaf3efdb38e884b,2026-06-04,00:30,rebounds,5.5,-130.0,-102.0,True,fanduel,2026-06-03T22:41:54.786330
Julian Champagnie,,,1aae688472781f1a1aaf3efdb38e884b,2026-06-04,00:30,rebounds,5.5,-110.0,-118.0,True,fanduel,2026-06-03T22:41:54.786331
Mitchell Robinson,,,1aae688472781f1a1aaf3efdb38e884b,2026-06-04,00:30,rebounds,5.5,112.0,,True,fanduel,2026-06-03T22:41:54.786333
Stephon Castle,,,1aae688472781f1a1aaf3efdb38e884b,2026-06-04,00:30,rebounds,5.5,152.0,-205.0,True,fanduel,2026-06-03T22:41:54.786337
Devin Vassell,,,1aae688472781f1a1aaf3efdb38e884b,2026-06-04,00:30,rebounds,5.5,255.0,-360.0,True,fanduel,2026-06-03T22:41:54.786339
Dylan Harper,,,1aae688472781f1a1aaf3efdb38e884b,2026-06-04,00:30,rebounds,5.5,270.0,-400.0,True,fanduel,2026-06-03T22:41:54.786341
Mikal Bridges,,,1aae688472781f1a1aaf3efdb38e884b,2026-06-04,00:30,rebounds,5.5,390.0,-650.0,True,fanduel,2026-06-03T22:41:54.786342
De'Aaron Fox,,,1aae688472781f1a1aaf3efdb38e884b,2026-06-04,00:30,rebounds,5.5,430.0,-750.0,True,fanduel,2026-06-03T22:41:54.786344
Keldon Johnson,,,1aae688472781f1a1aaf3efdb38e884b,2026-06-04,00:30,rebounds,5.5,500.0,,True,fanduel,2026-06-03T22:41:54.786346
Luke Kornet,,,1aae688472781f1a1aaf3efdb38e884b,2026-06-04,00:30,rebounds,5.5,600.0,,True,fanduel,2026-06-03T22:41:54.786347
Jalen Brunson,,,1aae688472781f1a1aaf3efdb38e884b,2026-06-04,00:30,rebounds,5.5,800.0,,True,fanduel,2026-06-03T22:41:54.786349
Victor Wembanyama,,,1aae688472781f1a1aaf3efdb38e884b,2026-06-04,00:30,rebounds,7.5,-1100.0,,True,fanduel,2026-06-03T22:41:54.786351
Josh Hart,,,1aae688472781f1a1aaf3efdb38e884b,2026-06-04,00:30,rebounds,7.5,-166.0,124.0,True,fanduel,2026-06-03T22:41:54.786352
OG Anunoby,,,1aae688472781f1a1aaf3efdb38e884b,2026-06-04,00:30,rebounds,7.5,270.0,-400.0,True,fanduel,2026-06-03T22:41:54.786354
Mitchell Robinson,,,1aae688472781f1a1aaf3efdb38e884b,2026-06-04,00:30,rebounds,7.5,285.0,,True,fanduel,2026-06-03T22:41:54.786356
Julian Champagnie,,,1aae688472781f1a1aaf3efdb38e884b,2026-06-04,00:30,rebounds,7.5,310.0,-470.0,True,fanduel,2026-06-03T22:41:54.786357
Stephon Castle,,,1aae688472781f1a1aaf3efdb38e884b,2026-06-04,00:30,rebounds,7.5,520.0,-1000.0,True,fanduel,2026-06-03T22:41:54.786359
Devin Vassell,,,1aae688472781f1a1aaf3efdb38e884b,2026-06-04,00:30,rebounds,7.5,900.0,,True,fanduel,2026-06-03T22:41:54.786361
Dylan Harper,,,1aae688472781f1a1aaf3efdb38e884b,2026-06-04,00:30,rebounds,7.5,900.0,,True,fanduel,2026-06-03T22:41:54.786362
Mikal Bridges,,,1aae688472781f1a1aaf3efdb38e884b,2026-06-04,00:30,rebounds,7.5,1400.0,,True,fanduel,2026-06-03T22:41:54.786364
De'Aaron Fox,,,1aae688472781f1a1aaf3efdb38e884b,2026-06-04,00:30,rebounds,7.5,1500.0,,True,fanduel,2026-06-03T22:41:54.786366
Keldon Johnson,,,1aae688472781f1a1aaf3efdb38e884b,2026-06-04,00:30,rebounds,7.5,1500.0,,True,fanduel,2026-06-03T22:41:54.786367
Luke Kornet,,,1aae688472781f1a1aaf3efdb38e884b,2026-06-04,00:30,rebounds,7.5,1500.0,,True,fanduel,2026-06-03T22:41:54.786369
Mikal Bridges,,,1aae688472781f1a1aaf3efdb38e884b,2026-06-04,00:30,rebounds,1.5,-1400.0,,True,fanduel,2026-06-03T22:41:54.786371
Mikal Bridges,,,1aae688472781f1a1aaf3efdb38e884b,2026-06-04,00:30,rebounds,2.5,-310.0,220.0,True,fanduel,2026-06-03T22:41:54.786373
Mikal Bridges,,,1aae688472781f1a1aaf3efdb38e884b,2026-06-04,00:30,rebounds,3.5,-118.0,-110.0,True,fanduel,2026-06-03T22:41:54.786374
Mikal Bridges,,,1aae688472781f1a1aaf3efdb38e884b,2026-06-04,00:30,rebounds,4.5,188.0,-260.0,True,fanduel,2026-06-03T22:41:54.786376
OG Anunoby,,,1aae688472781f1a1aaf3efdb38e884b,2026-06-04,00:30,rebounds,3.5,-590.0,370.0,True,fanduel,2026-06-03T22:41:54.786378
OG Anunoby,,,1aae688472781f1a1aaf3efdb38e884b,2026-06-04,00:30,rebounds,4.5,-250.0,182.0,True,fanduel,2026-06-03T22:41:54.786379
OG Anunoby,,,1aae688472781f1a1aaf3efdb38e884b,2026-06-04,00:30,rebounds,6.5,154.0,-210.0,True,fanduel,2026-06-03T22:41:54.786381
OG Anunoby,,,1aae688472781f1a1aaf3efdb38e884b,2026-06-04,00:30,rebounds,8.5,450.0,-800.0,True,fanduel,2026-06-03T22:41:54.786383
Julian Champagnie,,,1aae688472781f1a1aaf3efdb38e884b,2026-06-04,00:30,rebounds,3.5,-520.0,350.0,True,fanduel,2026-06-03T22:41:54.786384
Julian Champagnie,,,1aae688472781f1a1aaf3efdb38e884b,2026-06-04,00:30,rebounds,4.5,-230.0,168.0,True,fanduel,2026-06-03T22:41:54.786386
Julian Champagnie,,,1aae688472781f1a1aaf3efdb38e884b,2026-06-04,00:30,rebounds,6.5,178.0,-245.0,True,fanduel,2026-06-03T22:41:54.786388
Julian Champagnie,,,1aae688472781f1a1aaf3efdb38e884b,2026-06-04,00:30,rebounds,8.5,,-1100.0,True,fanduel,2026-06-03T22:41:54.786390
Josh Hart,,,1aae688472781f1a1aaf3efdb38e884b,2026-06-04,00:30,rebounds,3.5,-4500.0,,True,fanduel,2026-06-03T22:41:54.786391
Stephon Castle,,,1aae688472781f1a1aaf3efdb38e884b,2026-06-04,00:30,rebounds,3.5,-320.0,225.0,True,fanduel,2026-06-03T22:41:54.786393
Mitchell Robinson,,,1aae688472781f1a1aaf3efdb38e884b,2026-06-04,00:30,rebounds,3.5,-295.0,,True,fanduel,2026-06-03T22:41:54.786395
Devin Vassell,,,1aae688472781f1a1aaf3efdb38e884b,2026-06-04,00:30,rebounds,3.5,-188.0,140.0,True,fanduel,2026-06-03T22:41:54.786396
Dylan Harper,,,1aae688472781f1a1aaf3efdb38e884b,2026-06-04,00:30,rebounds,3.5,-152.0,114.0,True,fanduel,2026-06-03T22:41:54.786398
De'Aaron Fox,,,1aae688472781f1a1aaf3efdb38e884b,2026-06-04,00:30,rebounds,3.5,-104.0,-128.0,True,fanduel,2026-06-03T22:41:54.786400
Keldon Johnson,,,1aae688472781f1a1aaf3efdb38e884b,2026-06-04,00:30,rebounds,3.5,130.0,,True,fanduel,2026-06-03T22:41:54.786401
Luke Kornet,,,1aae688472781f1a1aaf3efdb38e884b,2026-06-04,00:30,rebounds,3.5,164.0,,True,fanduel,2026-06-03T22:41:54.786403
Jalen Brunson,,,1aae688472781f1a1aaf3efdb38e884b,2026-06-04,00:30,rebounds,3.5,172.0,-235.0,True,fanduel,2026-06-03T22:41:54.786405
Victor Wembanyama,,,1aae688472781f1a1aaf3efdb38e884b,2026-06-04,00:30,rebounds,13.5,205.0,-290.0,True,fanduel,2026-06-03T22:41:54.786406
Josh Hart,,,1aae688472781f1a1aaf3efdb38e884b,2026-06-04,00:30,rebounds,13.5,1060.0,,True,fanduel,2026-06-03T22:41:54.786408
Mitchell Robinson,,,1aae688472781f1a1aaf3efdb38e884b,2026-06-04,00:30,rebounds,13.5,2000.0,,True,fanduel,2026-06-03T22:41:54.786410
Victor Wembanyama,,,1aae688472781f1a1aaf3efdb38e884b,2026-06-04,00:30,rebounds,11.5,-120.0,-110.0,True,fanduel,2026-06-03T22:41:54.786412
Josh Hart,,,1aae688472781f1a1aaf3efdb38e884b,2026-06-04,00:30,rebounds,11.5,420.0,,True,fanduel,2026-06-03T22:41:54.786413
Mitchell Robinson,,,1aae688472781f1a1aaf3efdb38e884b,2026-06-04,00:30,rebounds,11.5,1200.0,,True,fanduel,2026-06-03T22:41:54.786415
OG Anunoby,,,1aae688472781f1a1aaf3efdb38e884b,2026-06-04,00:30,rebounds,11.5,1700.0,,True,fanduel,2026-06-03T22:41:54.786417
Julian Champagnie,,,1aae688472781f1a1aaf3efdb38e884b,2026-06-04,00:30,rebounds,11.5,2000.0,,True,fanduel,2026-06-03T22:41:54.786418
Devin Vassell,,,1aae688472781f1a1aaf3efdb38e884b,2026-06-04,00:30,rebounds,2.5,-470.0,310.0,True,fanduel,2026-06-03T22:41:54.786420
Devin Vassell,,,1aae688472781f1a1aaf3efdb38e884b,2026-06-04,00:30,rebounds,4.5,122.0,-162.0,True,fanduel,2026-06-03T22:41:54.786424
Devin Vassell,,,1aae688472781f1a1aaf3efdb38e884b,2026-06-04,00:30,rebounds,6.5,490.0,-900.0,True,fanduel,2026-06-03T22:41:54.786425
Josh Hart,,,1aae688472781f1a1aaf3efdb38e884b,2026-06-04,00:30,rebounds,4.5,-1450.0,,True,fanduel,2026-06-03T22:41:54.786427
Josh Hart,,,1aae688472781f1a1aaf3efdb38e884b,2026-06-04,00:30,rebounds,6.5,-290.0,205.0,True,fanduel,2026-06-03T22:41:54.786429
Josh Hart,,,1aae688472781f1a1aaf3efdb38e884b,2026-06-04,00:30,rebounds,8.5,112.0,-148.0,True,fanduel,2026-06-03T22:41:54.786431
Josh Hart,,,1aae688472781f1a1aaf3efdb38e884b,2026-06-04,00:30,rebounds,9.5,158.0,-210.0,True,fanduel,2026-06-03T22:41:54.786432
Josh Hart,,,1aae688472781f1a1aaf3efdb38e884b,2026-06-04,00:30,rebounds,10.5,250.0,-360.0,True,fanduel,2026-06-03T22:41:54.786434
Victor Wembanyama,,,1aae688472781f1a1aaf3efdb38e884b,2026-06-04,00:30,rebounds,8.5,-500.0,320.0,True,fanduel,2026-06-03T22:41:54.786436
Victor Wembanyama,,,1aae688472781f1a1aaf3efdb38e884b,2026-06-04,00:30,rebounds,9.5,-340.0,240.0,True,fanduel,2026-06-03T22:41:54.786437
Victor Wembanyama,,,1aae688472781f1a1aaf3efdb38e884b,2026-06-04,00:30,rebounds,10.5,-205.0,152.0,True,fanduel,2026-06-03T22:41:54.786439
Victor Wembanyama,,,1aae688472781f1a1aaf3efdb38e884b,2026-06-04,00:30,rebounds,12.5,136.0,-182.0,True,fanduel,2026-06-03T22:41:54.786441
Victor Wembanyama,,,1aae688472781f1a1aaf3efdb38e884b,2026-06-04,00:30,rebounds,14.5,310.0,-470.0,True,fanduel,2026-06-03T22:41:54.786442
Victor Wembanyama,,,1aae688472781f1a1aaf3efdb38e884b,2026-06-04,00:30,rebounds,15.5,480.0,-850.0,True,fanduel,2026-06-03T22:41:54.786444
Stephon Castle,,,1aae688472781f1a1aaf3efdb38e884b,2026-06-04,00:30,rebounds,2.5,-1000.0,,True,fanduel,2026-06-03T22:41:54.786446
Stephon Castle,,,1aae688472781f1a1aaf3efdb38e884b,2026-06-04,00:30,rebounds,4.5,-138.0,104.0,True,fanduel,2026-06-03T22:41:54.786447
Stephon Castle,,,1aae688472781f1a1aaf3efdb38e884b,2026-06-04,00:30,rebounds,6.5,280.0,-420.0,True,fanduel,2026-06-03T22:41:54.786449
Jalen Brunson,,,1aae688472781f1a1aaf3efdb38e884b,2026-06-04,00:30,rebounds,1.5,-500.0,320.0,True,fanduel,2026-06-03T22:41:54.786451
Jalen Brunson,,,1aae688472781f1a1aaf3efdb38e884b,2026-06-04,00:30,rebounds,2.5,-154.0,116.0,True,fanduel,2026-06-03T22:41:54.786452
Jalen Brunson,,,1aae688472781f1a1aaf3efdb38e884b,2026-06-04,00:30,rebounds,4.5,370.0,-600.0,True,fanduel,2026-06-03T22:41:54.786454
Dylan Harper,,,1aae688472781f1a1aaf3efdb38e884b,2026-06-04,00:30,rebounds,1.5,-1400.0,,True,fanduel,2026-06-03T22:41:54.786456
Dylan Harper,,,1aae688472781f1a1aaf3efdb38e884b,2026-06-04,00:30,rebounds,2.5,-360.0,255.0,True,fanduel,2026-06-03T22:41:54.786458
Dylan Harper,,,1aae688472781f1a1aaf3efdb38e884b,2026-06-04,00:30,rebounds,4.5,146.0,-198.0,True,fanduel,2026-06-03T22:41:54.786459
Dylan Harper,,,1aae688472781f1a1aaf3efdb38e884b,2026-06-04,00:30,rebounds,6.5,,-1000.0,True,fanduel,2026-06-03T22:41:54.786461
De'Aaron Fox,,,1aae688472781f1a1aaf3efdb38e884b,2026-06-04,00:30,rebounds,1.5,-1100.0,,True,fanduel,2026-06-03T22:41:54.786463
De'Aaron Fox,,,1aae688472781f1a1aaf3efdb38e884b,2026-06-04,00:30,rebounds,2.5,-275.0,198.0,True,fanduel,2026-06-03T22:41:54.786464
De'Aaron Fox,,,1aae688472781f1a1aaf3efdb38e884b,2026-06-04,00:30,rebounds,4.5,210.0,-300.0,True,fanduel,2026-06-03T22:41:54.786466
Josh Hart,,,1aae688472781f1a1aaf3efdb38e884b,2026-06-04,00:30,rebounds,15.5,2000.0,,True,fanduel,2026-06-03T22:41:54.786468
Mitchell Robinson,,,1aae688472781f1a1aaf3efdb38e884b,2026-06-04,00:30,rebounds,9.5,600.0,,True,fanduel,2026-06-03T22:41:54.786469
OG Anunoby,,,1aae688472781f1a1aaf3efdb38e884b,2026-06-04,00:30,rebounds,9.5,700.0,,True,fanduel,2026-06-03T22:41:54.786471
Julian Champagnie,,,1aae688472781f1a1aaf3efdb38e884b,2026-06-04,00:30,rebounds,9.5,870.0,,True,fanduel,2026-06-03T22:41:54.786473
Stephon Castle,,,1aae688472781f1a1aaf3efdb38e884b,2026-06-04,00:30,rebounds,9.5,1300.0,,True,fanduel,2026-06-03T22:41:54.786475
Mikal Bridges,,,1aae688472781f1a1aaf3efdb38e884b,2026-06-04,00:30,threes,1.5,-113.0,-113.0,False,fanduel,2026-06-03T22:41:54.786492
Jose Alvarado,,,1aae688472781f1a1aaf3efdb38e884b,2026-06-04,00:30,threes,0.5,152.0,-196.0,False,fanduel,2026-06-03T22:41:54.786494
Jalen Brunson,,,1aae688472781f1a1aaf3efdb38e884b,2026-06-04,00:30,threes,2.5,132.0,-170.0,False,fanduel,2026-06-03T22:41:54.786495
Stephon Castle,,,1aae688472781f1a1aaf3efdb38e884b,2026-06-04,00:30,threes,1.5,130.0,-166.0,False,fanduel,2026-06-03T22:41:54.786497
Devin Vassell,,,1aae688472781f1a1aaf3efdb38e884b,2026-06-04,00:30,threes,2.5,112.0,-140.0,False,fanduel,2026-06-03T22:41:54.786499
Carter Bryant,,,1aae688472781f1a1aaf3efdb38e884b,2026-06-04,00:30,threes,0.5,150.0,-194.0,False,fanduel,2026-06-03T22:41:54.786500
Julian Champagnie,,,1aae688472781f1a1aaf3efdb38e884b,2026-06-04,00:30,threes,2.5,-102.0,-125.0,False,fanduel,2026-06-03T22:41:54.786502
Victor Wembanyama,,,1aae688472781f1a1aaf3efdb38e884b,2026-06-04,00:30,threes,1.5,-194.0,150.0,False,fanduel,2026-06-03T22:41:54.786504
De'Aaron Fox,,,1aae688472781f1a1aaf3efdb38e884b,2026-06-04,00:30,threes,1.5,128.0,-164.0,False,fanduel,2026-06-03T22:41:54.786506
OG Anunoby,,,1aae688472781f1a1aaf3efdb38e884b,2026-06-04,00:30,threes,2.5,162.0,-210.0,False,fanduel,2026-06-03T22:41:54.786507
Josh Hart,,,1aae688472781f1a1aaf3efdb38e884b,2026-06-04,00:30,threes,1.5,-154.0,120.0,False,fanduel,2026-06-03T22:41:54.786509
Karl-Anthony Towns,,,1aae688472781f1a1aaf3efdb38e884b,2026-06-04,00:30,threes,1.5,120.0,-154.0,False,fanduel,2026-06-03T22:41:54.786511
Julian Champagnie,,,1aae688472781f1a1aaf3efdb38e884b,2026-06-04,00:30,threes,3.5,240.0,-350.0,True,fanduel,2026-06-03T22:41:54.786568
Devin Vassell,,,1aae688472781f1a1aaf3efdb38e884b,2026-06-04,00:30,threes,3.5,280.0,-420.0,True,fanduel,2026-06-03T22:41:54.786570
Jalen Brunson,,,1aae688472781f1a1aaf3efdb38e884b,2026-06-04,00:30,threes,3.5,320.0,-470.0,True,fanduel,2026-06-03T22:41:54.786572
OG Anunoby,,,1aae688472781f1a1aaf3efdb38e884b,2026-06-04,00:30,threes,3.5,390.0,-650.0,True,fanduel,2026-06-03T22:41:54.786574
Victor Wembanyama,,,1aae688472781f1a1aaf3efdb38e884b,2026-06-04,00:30,threes,3.5,410.0,-700.0,True,fanduel,2026-06-03T22:41:54.786575
Josh Hart,,,1aae688472781f1a1aaf3efdb38e884b,2026-06-04,00:30,threes,3.5,410.0,-700.0,True,fanduel,2026-06-03T22:41:54.786577
Mikal Bridges,,,1aae688472781f1a1aaf3efdb38e884b,2026-06-04,00:30,threes,3.5,750.0,,True,fanduel,2026-06-03T22:41:54.786579
Landry Shamet,,,1aae688472781f1a1aaf3efdb38e884b,2026-06-04,00:30,threes,3.5,900.0,,True,fanduel,2026-06-03T22:41:54.786581
Karl-Anthony Towns,,,1aae688472781f1a1aaf3efdb38e884b,2026-06-04,00:30,threes,3.5,1000.0,,True,fanduel,2026-06-03T22:41:54.786584
Stephon Castle,,,1aae688472781f1a1aaf3efdb38e884b,2026-06-04,00:30,threes,3.5,1100.0,,True,fanduel,2026-06-03T22:41:54.786586
De'Aaron Fox,,,1aae688472781f1a1aaf3efdb38e884b,2026-06-04,00:30,threes,3.5,1100.0,,True,fanduel,2026-06-03T22:41:54.786593
Miles McBride,,,1aae688472781f1a1aaf3efdb38e884b,2026-06-04,00:30,threes,3.5,1100.0,,True,fanduel,2026-06-03T22:41:54.786594
Julian Champagnie,,,1aae688472781f1a1aaf3efdb38e884b,2026-06-04,00:30,threes,0.5,-2200.0,,True,fanduel,2026-06-03T22:41:54.786596
Devin Vassell,,,1aae688472781f1a1aaf3efdb38e884b,2026-06-04,00:30,threes,0.5,-1800.0,,True,fanduel,2026-06-03T22:41:54.786598
Jalen Brunson,,,1aae688472781f1a1aaf3efdb38e884b,2026-06-04,00:30,threes,0.5,-1450.0,,True,fanduel,2026-06-03T22:41:54.786600
Victor Wembanyama,,,1aae688472781f1a1aaf3efdb38e884b,2026-06-04,00:30,threes,0.5,-1200.0,,True,fanduel,2026-06-03T22:41:54.786601
OG Anunoby,,,1aae688472781f1a1aaf3efdb38e884b,2026-06-04,00:30,threes,0.5,-1100.0,,True,fanduel,2026-06-03T22:41:54.786603
Josh Hart,,,1aae688472781f1a1aaf3efdb38e884b,2026-06-04,00:30,threes,0.5,-700.0,410.0,True,fanduel,2026-06-03T22:41:54.786605
Mikal Bridges,,,1aae688472781f1a1aaf3efdb38e884b,2026-06-04,00:30,threes,0.5,-550.0,350.0,True,fanduel,2026-06-03T22:41:54.786606
Karl-Anthony Towns,,,1aae688472781f1a1aaf3efdb38e884b,2026-06-04,00:30,threes,0.5,-440.0,290.0,True,fanduel,2026-06-03T22:41:54.786608
Stephon Castle,,,1aae688472781f1a1aaf3efdb38e884b,2026-06-04,00:30,threes,0.5,-390.0,,True,fanduel,2026-06-03T22:41:54.786612
De'Aaron Fox,,,1aae688472781f1a1aaf3efdb38e884b,2026-06-04,00:30,threes,0.5,-390.0,,True,fanduel,2026-06-03T22:41:54.786613
Landry Shamet,,,1aae688472781f1a1aaf3efdb38e884b,2026-06-04,00:30,threes,0.5,-330.0,,True,fanduel,2026-06-03T22:41:54.786615
Miles McBride,,,1aae688472781f1a1aaf3efdb38e884b,2026-06-04,00:30,threes,0.5,-295.0,,True,fanduel,2026-06-03T22:41:54.786617
Dylan Harper,,,1aae688472781f1a1aaf3efdb38e884b,2026-06-04,00:30,threes,0.5,-170.0,,True,fanduel,2026-06-03T22:41:54.786618
Keldon Johnson,,,1aae688472781f1a1aaf3efdb38e884b,2026-06-04,00:30,threes,0.5,-156.0,,True,fanduel,2026-06-03T22:41:54.786620
Carter Bryant,,,1aae688472781f1a1aaf3efdb38e884b,2026-06-04,00:30,threes,0.5,150.0,,True,fanduel,2026-06-03T22:41:54.786622
Jose Alvarado,,,1aae688472781f1a1aaf3efdb38e884b,2026-06-04,00:30,threes,0.5,152.0,,True,fanduel,2026-06-03T22:41:54.786623
Julian Champagnie,,,1aae688472781f1a1aaf3efdb38e884b,2026-06-04,00:30,threes,1.5,-320.0,225.0,True,fanduel,2026-06-03T22:41:54.786625
Devin Vassell,,,1aae688472781f1a1aaf3efdb38e884b,2026-06-04,00:30,threes,1.5,-290.0,205.0,True,fanduel,2026-06-03T22:41:54.786627
Jalen Brunson,,,1aae688472781f1a1aaf3efdb38e884b,2026-06-04,00:30,threes,1.5,-245.0,178.0,True,fanduel,2026-06-03T22:41:54.786628
Victor Wembanyama,,,1aae688472781f1a1aaf3efdb38e884b,2026-06-04,00:30,threes,1.5,-200.0,148.0,True,fanduel,2026-06-03T22:41:54.786630
OG Anunoby,,,1aae688472781f1a1aaf3efdb38e884b,2026-06-04,00:30,threes,1.5,-200.0,148.0,True,fanduel,2026-06-03T22:41:54.786632
Josh Hart,,,1aae688472781f1a1aaf3efdb38e884b,2026-06-04,00:30,threes,1.5,-154.0,116.0,True,fanduel,2026-06-03T22:41:54.786634
Mikal Bridges,,,1aae688472781f1a1aaf3efdb38e884b,2026-06-04,00:30,threes,1.5,-114.0,-114.0,True,fanduel,2026-06-03T22:41:54.786635
Karl-Anthony Towns,,,1aae688472781f1a1aaf3efdb38e884b,2026-06-04,00:30,threes,1.5,116.0,-158.0,True,fanduel,2026-06-03T22:41:54.786637
De'Aaron Fox,,,1aae688472781f1a1aaf3efdb38e884b,2026-06-04,00:30,threes,1.5,128.0,,True,fanduel,2026-06-03T22:41:54.786639
Stephon Castle,,,1aae688472781f1a1aaf3efdb38e884b,2026-06-04,00:30,threes,1.5,130.0,,True,fanduel,2026-06-03T22:41:54.786640
Landry Shamet,,,1aae688472781f1a1aaf3efdb38e884b,2026-06-04,00:30,threes,1.5,134.0,,True,fanduel,2026-06-03T22:41:54.786642
Miles McBride,,,1aae688472781f1a1aaf3efdb38e884b,2026-06-04,00:30,threes,1.5,152.0,,True,fanduel,2026-06-03T22:41:54.786644
Dylan Harper,,,1aae688472781f1a1aaf3efdb38e884b,2026-06-04,00:30,threes,1.5,290.0,,True,fanduel,2026-06-03T22:41:54.786645
Keldon Johnson,,,1aae688472781f1a1aaf3efdb38e884b,2026-06-04,00:30,threes,1.5,300.0,,True,fanduel,2026-06-03T22:41:54.786647
Carter Bryant,,,1aae688472781f1a1aaf3efdb38e884b,2026-06-04,00:30,threes,1.5,630.0,,True,fanduel,2026-06-03T22:41:54.786649
Jose Alvarado,,,1aae688472781f1a1aaf3efdb38e884b,2026-06-04,00:30,threes,1.5,680.0,,True,fanduel,2026-06-03T22:41:54.786651
Devin Vassell,,,1aae688472781f1a1aaf3efdb38e884b,2026-06-04,00:30,threes,6.5,3000.0,,True,fanduel,2026-06-03T22:41:54.786652
Julian Champagnie,,,1aae688472781f1a1aaf3efdb38e884b,2026-06-04,00:30,threes,6.5,2500.0,,True,fanduel,2026-06-03T22:41:54.786654
Julian Champagnie,,,1aae688472781f1a1aaf3efdb38e884b,2026-06-04,00:30,threes,2.5,-102.0,-130.0,True,fanduel,2026-06-03T22:41:54.786656
Julian Champagnie,,,1aae688472781f1a1aaf3efdb38e884b,2026-06-04,00:30,threes,4.5,600.0,-1100.0,True,fanduel,2026-06-03T22:41:54.786657
Victor Wembanyama,,,1aae688472781f1a1aaf3efdb38e884b,2026-06-04,00:30,threes,2.5,164.0,-220.0,True,fanduel,2026-06-03T22:41:54.786659
Jalen Brunson,,,1aae688472781f1a1aaf3efdb38e884b,2026-06-04,00:30,threes,2.5,132.0,-174.0,True,fanduel,2026-06-03T22:41:54.786661
OG Anunoby,,,1aae688472781f1a1aaf3efdb38e884b,2026-06-04,00:30,threes,2.5,162.0,-215.0,True,fanduel,2026-06-03T22:41:54.786662
Karl-Anthony Towns,,,1aae688472781f1a1aaf3efdb38e884b,2026-06-04,00:30,threes,2.5,370.0,-600.0,True,fanduel,2026-06-03T22:41:54.786664
Jalen Brunson,,,1aae688472781f1a1aaf3efdb38e884b,2026-06-04,00:30,threes,5.5,1500.0,,True,fanduel,2026-06-03T22:41:54.786668
OG Anunoby,,,1aae688472781f1a1aaf3efdb38e884b,2026-06-04,00:30,threes,5.5,1700.0,,True,fanduel,2026-06-03T22:41:54.786669
Josh Hart,,,1aae688472781f1a1aaf3efdb38e884b,2026-06-04,00:30,threes,5.5,1700.0,,True,fanduel,2026-06-03T22:41:54.786671
Victor Wembanyama,,,1aae688472781f1a1aaf3efdb38e884b,2026-06-04,00:30,threes,5.5,2000.0,,True,fanduel,2026-06-03T22:41:54.786673
Devin Vassell,,,1aae688472781f1a1aaf3efdb38e884b,2026-06-04,00:30,threes,5.5,1400.0,,True,fanduel,2026-06-03T22:41:54.786674
Julian Champagnie,,,1aae688472781f1a1aaf3efdb38e884b,2026-06-04,00:30,threes,5.5,1200.0,,True,fanduel,2026-06-03T22:41:54.786676
Devin Vassell,,,1aae688472781f1a1aaf3efdb38e884b,2026-06-04,00:30,threes,2.5,112.0,-144.0,True,fanduel,2026-06-03T22:41:54.786678
Devin Vassell,,,1aae688472781f1a1aaf3efdb38e884b,2026-06-04,00:30,threes,4.5,700.0,-1400.0,True,fanduel,2026-06-03T22:41:54.786681
Josh Hart,,,1aae688472781f1a1aaf3efdb38e884b,2026-06-04,00:30,threes,2.5,188.0,-260.0,True,fanduel,2026-06-03T22:41:54.786683
Mikal Bridges,,,1aae688472781f1a1aaf3efdb38e884b,2026-06-04,00:30,threes,2.5,270.0,-400.0,True,fanduel,2026-06-03T22:41:54.786685
Landry Shamet,,,1aae688472781f1a1aaf3efdb38e884b,2026-06-04,00:30,threes,2.5,390.0,,True,fanduel,2026-06-03T22:41:54.786686
Stephon Castle,,,1aae688472781f1a1aaf3efdb38e884b,2026-06-04,00:30,threes,2.5,400.0,,True,fanduel,2026-06-03T22:41:54.786688
De'Aaron Fox,,,1aae688472781f1a1aaf3efdb38e884b,2026-06-04,00:30,threes,2.5,420.0,,True,fanduel,2026-06-03T22:41:54.786690
Miles McBride,,,1aae688472781f1a1aaf3efdb38e884b,2026-06-04,00:30,threes,2.5,440.0,,True,fanduel,2026-06-03T22:41:54.786692
Dylan Harper,,,1aae688472781f1a1aaf3efdb38e884b,2026-06-04,00:30,threes,2.5,900.0,,True,fanduel,2026-06-03T22:41:54.786693
Keldon Johnson,,,1aae688472781f1a1aaf3efdb38e884b,2026-06-04,00:30,threes,2.5,1000.0,,True,fanduel,2026-06-03T22:41:54.786695
Carter Bryant,,,1aae688472781f1a1aaf3efdb38e884b,2026-06-04,00:30,threes,2.5,1500.0,,True,fanduel,2026-06-03T22:41:54.786697
Jalen Brunson,,,1aae688472781f1a1aaf3efdb38e884b,2026-06-04,00:30,threes,4.5,700.0,,True,fanduel,2026-06-03T22:41:54.786698
OG Anunoby,,,1aae688472781f1a1aaf3efdb38e884b,2026-06-04,00:30,threes,4.5,950.0,,True,fanduel,2026-06-03T22:41:54.786700
Josh Hart,,,1aae688472781f1a1aaf3efdb38e884b,2026-06-04,00:30,threes,4.5,950.0,,True,fanduel,2026-06-03T22:41:54.786702
Victor Wembanyama,,,1aae688472781f1a1aaf3efdb38e884b,2026-06-04,00:30,threes,4.5,1000.0,,True,fanduel,2026-06-03T22:41:54.786703
Mikal Bridges,,,1aae688472781f1a1aaf3efdb38e884b,2026-06-04,00:30,threes,4.5,2000.0,,True,fanduel,2026-06-03T22:41:54.786707
Landry Shamet,,,1aae688472781f1a1aaf3efdb38e884b,2026-06-04,00:30,threes,4.5,2200.0,,True,fanduel,2026-06-03T22:41:54.786708
