player_normalized,prop_type,line,is_alt_line,game_date,betmgm_over_odds,draftkings_over_odds,fanduel_over_odds,betmgm_under_odds,draftkings_under_odds,fanduel_under_odds,best_over,best_over_book,best_under,best_under_book
de'aaron fox,assists,2.5,True,2026-06-14,,-3400.0,,,,,-3400.0,,,
de'aaron fox,assists,3.5,True,2026-06-14,,-880.0,-900.0,,,490.0,-880.0,,490.0,
de'aaron fox,assists,4.5,True,2026-06-14,-350.0,-351.0,-320.0,,,225.0,-320.0,,225.0,
de'aaron fox,assists,5.5,False,2026-06-14,,,-154.0,,,116.0,-154.0,,116.0,
de'aaron fox,assists,5.5,True,2026-06-14,,-165.0,-154.0,,,116.0,-154.0,,116.0,
de'aaron fox,assists,6.5,False,2026-06-14,115.0,114.0,,-155.0,-150.0,,115.0,,-150.0,
de'aaron fox,assists,6.5,True,2026-06-14,110.0,114.0,130.0,,,-174.0,130.0,,-174.0,
de'aaron fox,assists,7.5,True,2026-06-14,,212.0,230.0,,,-330.0,230.0,,-330.0,
de'aaron fox,assists,8.5,True,2026-06-14,,381.0,410.0,,,-700.0,410.0,,-700.0,
de'aaron fox,assists,9.5,True,2026-06-14,625.0,670.0,630.0,,,-1400.0,670.0,,-1400.0,
de'aaron fox,assists,10.5,True,2026-06-14,,1160.0,,,,,1160.0,,,
de'aaron fox,assists,11.5,True,2026-06-14,,1880.0,1700.0,,,,1880.0,,,
de'aaron fox,assists,12.5,True,2026-06-14,,2800.0,,,,,2800.0,,,
de'aaron fox,points,7.5,True,2026-06-14,,-1500.0,,,,,-1500.0,,,
de'aaron fox,points,9.5,True,2026-06-14,-750.0,-597.0,-670.0,,,400.0,-597.0,,400.0,
de'aaron fox,points,10.5,True,2026-06-14,,,-440.0,,,290.0,-440.0,,290.0,
de'aaron fox,points,11.5,True,2026-06-14,,-299.0,-310.0,,,220.0,-299.0,,220.0,
de'aaron fox,points,12.5,True,2026-06-14,,,-230.0,,,168.0,-230.0,,168.0,
de'aaron fox,points,13.5,True,2026-06-14,,,-166.0,,,124.0,-166.0,,124.0,
de'aaron fox,points,14.5,False,2026-06-14,,-126.0,-125.0,,-101.0,-106.0,-125.0,,-101.0,
de'aaron fox,points,14.5,True,2026-06-14,-155.0,-126.0,-125.0,,,-106.0,-125.0,,-106.0,
de'aaron fox,points,15.5,False,2026-06-14,-110.0,,,-120.0,,,-110.0,,-120.0,
de'aaron fox,points,15.5,True,2026-06-14,,,104.0,,,-138.0,104.0,,-138.0,
de'aaron fox,points,16.5,True,2026-06-14,,,138.0,,,-186.0,138.0,,-186.0,
de'aaron fox,points,17.5,True,2026-06-14,,170.0,182.0,,,-250.0,182.0,,-250.0,
de'aaron fox,points,18.5,True,2026-06-14,,,230.0,,,-330.0,230.0,,-330.0,
de'aaron fox,points,19.5,True,2026-06-14,230.0,280.0,300.0,,,-450.0,300.0,,-450.0,
de'aaron fox,points,20.5,True,2026-06-14,,,390.0,,,-650.0,390.0,,-650.0,
de'aaron fox,points,21.5,True,2026-06-14,,,470.0,,,-850.0,470.0,,-850.0,
de'aaron fox,points,24.5,True,2026-06-14,700.0,880.0,1060.0,,,,1060.0,,,
de'aaron fox,points,29.5,True,2026-06-14,,2400.0,3000.0,,,,3000.0,,,
de'aaron fox,rebounds,2.5,True,2026-06-14,-235.0,-215.0,,,,,-215.0,,,
de'aaron fox,rebounds,3.5,False,2026-06-14,105.0,115.0,116.0,-140.0,-152.0,-154.0,116.0,,-140.0,
de'aaron fox,rebounds,3.5,True,2026-06-14,,114.0,118.0,,,,118.0,,,
de'aaron fox,rebounds,4.5,True,2026-06-14,220.0,252.0,,,,,252.0,,,
de'aaron fox,rebounds,5.5,True,2026-06-14,,530.0,560.0,,,,560.0,,,
de'aaron fox,rebounds,6.5,True,2026-06-14,825.0,1080.0,,,,,1080.0,,,
de'aaron fox,rebounds,7.5,True,2026-06-14,,1960.0,,,,,1960.0,,,
de'aaron fox,rebounds,8.5,True,2026-06-14,,2900.0,,,,,2900.0,,,
de'aaron fox,threes,0.5,True,2026-06-14,-375.0,-345.0,-390.0,,,,-345.0,,,
de'aaron fox,threes,1.5,False,2026-06-14,115.0,123.0,124.0,-155.0,-163.0,-166.0,124.0,,-155.0,
de'aaron fox,threes,1.5,True,2026-06-14,115.0,126.0,128.0,,,,128.0,,,
de'aaron fox,threes,2.5,True,2026-06-14,350.0,399.0,400.0,,,,400.0,,,
de'aaron fox,threes,3.5,True,2026-06-14,,1120.0,1060.0,,,,1120.0,,,
de'aaron fox,threes,4.5,True,2026-06-14,,2500.0,,,,,2500.0,,,
devin vassell,assists,1.5,True,2026-06-14,,,-280.0,,,,-280.0,,,
devin vassell,assists,2.5,False,2026-06-14,100.0,107.0,116.0,-130.0,-141.0,-154.0,116.0,,-130.0,
devin vassell,assists,2.5,True,2026-06-14,-111.0,107.0,,,,,107.0,,,
devin vassell,assists,3.5,True,2026-06-14,,279.0,300.0,,,,300.0,,,
devin vassell,assists,4.5,True,2026-06-14,475.0,650.0,,,,,650.0,,,
devin vassell,assists,5.5,True,2026-06-14,,1420.0,1500.0,,,,1500.0,,,
devin vassell,assists,6.5,True,2026-06-14,,2600.0,,,,,2600.0,,,
devin vassell,points,5.5,True,2026-06-14,,-1840.0,,,,,-1840.0,,,
devin vassell,points,7.5,True,2026-06-14,,-710.0,-750.0,,,430.0,-710.0,,430.0,
devin vassell,points,8.5,True,2026-06-14,,,-490.0,,,320.0,-490.0,,320.0,
devin vassell,points,9.5,True,2026-06-14,-325.0,-333.0,-340.0,,,235.0,-325.0,,235.0,
devin vassell,points,10.5,True,2026-06-14,,,-245.0,,,178.0,-245.0,,178.0,
devin vassell,points,11.5,True,2026-06-14,,-180.0,-178.0,,,132.0,-178.0,,132.0,
devin vassell,points,12.5,False,2026-06-14,-135.0,,-132.0,100.0,,100.0,-132.0,,100.0,
devin vassell,points,12.5,True,2026-06-14,,,-132.0,,,100.0,-132.0,,100.0,
devin vassell,points,13.5,False,2026-06-14,,-102.0,,,-125.0,,-102.0,,-125.0,
devin vassell,points,13.5,True,2026-06-14,,-104.0,104.0,,,-138.0,104.0,,-138.0,
devin vassell,points,14.5,True,2026-06-14,125.0,125.0,140.0,,,-186.0,140.0,,-186.0,
devin vassell,points,15.5,True,2026-06-14,,,182.0,,,-250.0,182.0,,-250.0,
devin vassell,points,16.5,True,2026-06-14,,,225.0,,,-320.0,225.0,,-320.0,
devin vassell,points,17.5,True,2026-06-14,,269.0,290.0,,,-440.0,290.0,,-440.0,
devin vassell,points,18.5,True,2026-06-14,,,370.0,,,-600.0,370.0,,-600.0,
devin vassell,points,19.5,True,2026-06-14,400.0,438.0,480.0,,,,480.0,,,
devin vassell,points,24.5,True,2026-06-14,,1380.0,1400.0,,,,1400.0,,,
devin vassell,rebounds,2.5,True,2026-06-14,-900.0,-880.0,-1100.0,,,,-880.0,,,
devin vassell,rebounds,3.5,True,2026-06-14,,-327.0,-330.0,,,230.0,-327.0,,230.0,
devin vassell,rebounds,4.5,False,2026-06-14,-150.0,-148.0,-146.0,110.0,112.0,110.0,-146.0,,112.0,
devin vassell,rebounds,4.5,True,2026-06-14,-150.0,-147.0,-146.0,,,110.0,-146.0,,110.0,
devin vassell,rebounds,5.5,True,2026-06-14,,137.0,142.0,,,-192.0,142.0,,-192.0,
devin vassell,rebounds,6.5,True,2026-06-14,250.0,266.0,270.0,,,-400.0,270.0,,-400.0,
devin vassell,rebounds,7.5,True,2026-06-14,,479.0,520.0,,,-900.0,520.0,,-900.0,
devin vassell,rebounds,8.5,True,2026-06-14,,890.0,,,,,890.0,,,
devin vassell,rebounds,9.5,True,2026-06-14,,1560.0,1300.0,,,,1560.0,,,
devin vassell,rebounds,10.5,True,2026-06-14,,2500.0,,,,,2500.0,,,
devin vassell,threes,0.5,True,2026-06-14,-1600.0,-1380.0,-1800.0,,,,-1380.0,,,
devin vassell,threes,1.5,True,2026-06-14,-325.0,-255.0,-280.0,,,198.0,-255.0,,198.0,
devin vassell,threes,2.5,False,2026-06-14,-105.0,116.0,,-125.0,-153.0,,116.0,,-125.0,
devin vassell,threes,2.5,True,2026-06-14,-105.0,115.0,116.0,,,-154.0,116.0,,-154.0,
devin vassell,threes,3.5,True,2026-06-14,230.0,295.0,290.0,,,-440.0,295.0,,-440.0,
devin vassell,threes,4.5,True,2026-06-14,525.0,690.0,750.0,,,-1450.0,750.0,,-1450.0,
devin vassell,threes,5.5,True,2026-06-14,,1500.0,1500.0,,,,1500.0,,,
devin vassell,threes,6.5,True,2026-06-14,,2700.0,3500.0,,,,3500.0,,,
dylan harper,assists,1.5,True,2026-06-14,,,-620.0,,,,-620.0,,,
dylan harper,assists,2.5,True,2026-06-14,-250.0,-206.0,,,,,-206.0,,,
dylan harper,assists,3.5,False,2026-06-14,110.0,116.0,134.0,-145.0,-153.0,-180.0,134.0,,-145.0,
dylan harper,assists,3.5,True,2026-06-14,,119.0,136.0,,,,136.0,,,
dylan harper,assists,4.5,True,2026-06-14,210.0,263.0,,,,,263.0,,,
dylan harper,assists,5.5,True,2026-06-14,,565.0,630.0,,,,630.0,,,
dylan harper,assists,6.5,True,2026-06-14,825.0,1120.0,,,,,1120.0,,,
dylan harper,assists,7.5,True,2026-06-14,,2000.0,,,,,2000.0,,,
dylan harper,points,7.5,True,2026-06-14,,-1440.0,,,,,-1440.0,,,
dylan harper,points,8.5,True,2026-06-14,,,-900.0,,,,-900.0,,,
dylan harper,points,9.5,True,2026-06-14,-625.0,-620.0,-590.0,,,370.0,-590.0,,370.0,
dylan harper,points,10.5,True,2026-06-14,,,-420.0,,,280.0,-420.0,,280.0,
dylan harper,points,11.5,True,2026-06-14,,-308.0,-300.0,,,210.0,-300.0,,210.0,
dylan harper,points,12.5,True,2026-06-14,,,-230.0,,,168.0,-230.0,,168.0,
dylan harper,points,13.5,True,2026-06-14,,,-172.0,,,128.0,-172.0,,128.0,
dylan harper,points,14.5,False,2026-06-14,-130.0,,-128.0,-105.0,,-104.0,-128.0,,-104.0,
dylan harper,points,14.5,True,2026-06-14,-130.0,-131.0,-125.0,,,-104.0,-125.0,,-104.0,
dylan harper,points,15.5,False,2026-06-14,,100.0,,,-127.0,,100.0,,-127.0,
dylan harper,points,15.5,True,2026-06-14,,-103.0,104.0,,,-138.0,104.0,,-138.0,
dylan harper,points,16.5,True,2026-06-14,,,134.0,,,-180.0,134.0,,-180.0,
dylan harper,points,17.5,True,2026-06-14,,157.0,172.0,,,-235.0,172.0,,-235.0,
dylan harper,points,18.5,True,2026-06-14,,,220.0,,,-310.0,220.0,,-310.0,
dylan harper,points,19.5,True,2026-06-14,270.0,253.0,285.0,,,-420.0,285.0,,-420.0,
dylan harper,points,20.5,True,2026-06-14,,,350.0,,,-550.0,350.0,,-550.0,
dylan harper,points,24.5,True,2026-06-14,,770.0,900.0,,,,900.0,,,
dylan harper,points,29.5,True,2026-06-14,,2100.0,2500.0,,,,2500.0,,,
dylan harper,rebounds,2.5,True,2026-06-14,,-2500.0,,,,,-2500.0,,,
dylan harper,rebounds,3.5,True,2026-06-14,,-700.0,-670.0,,,410.0,-670.0,,410.0,
dylan harper,rebounds,4.5,True,2026-06-14,-295.0,-295.0,-290.0,,,205.0,-290.0,,205.0,
dylan harper,rebounds,5.5,False,2026-06-14,-140.0,-146.0,-144.0,105.0,111.0,108.0,-140.0,,111.0,
dylan harper,rebounds,5.5,True,2026-06-14,,-147.0,-140.0,,,108.0,-140.0,,108.0,
dylan harper,rebounds,6.5,True,2026-06-14,130.0,128.0,138.0,,,-186.0,138.0,,-186.0,
dylan harper,rebounds,7.5,True,2026-06-14,,227.0,255.0,,,-360.0,255.0,,-360.0,
dylan harper,rebounds,8.5,True,2026-06-14,,397.0,430.0,,,-750.0,430.0,,-750.0,
dylan harper,rebounds,9.5,True,2026-06-14,700.0,690.0,630.0,,,,700.0,,,
dylan harper,rebounds,10.5,True,2026-06-14,,1140.0,,,,,1140.0,,,
dylan harper,rebounds,11.5,True,2026-06-14,,1800.0,1700.0,,,,1800.0,,,
dylan harper,rebounds,12.5,True,2026-06-14,,2500.0,,,,,2500.0,,,
dylan harper,threes,0.5,True,2026-06-14,-350.0,-363.0,-420.0,,,280.0,-350.0,,280.0,
dylan harper,threes,1.5,False,2026-06-14,130.0,124.0,116.0,-175.0,-163.0,-154.0,130.0,,-154.0,
dylan harper,threes,1.5,True,2026-06-14,130.0,124.0,116.0,,,-154.0,130.0,,-154.0,
dylan harper,threes,2.5,True,2026-06-14,390.0,378.0,370.0,,,-600.0,390.0,,-600.0,
dylan harper,threes,3.5,True,2026-06-14,,1060.0,1000.0,,,,1060.0,,,
dylan harper,threes,4.5,True,2026-06-14,,2300.0,,,,,2300.0,,,
jalen brunson,assists,2.5,True,2026-06-14,,-2100.0,,,,,-2100.0,,,
jalen brunson,assists,3.5,True,2026-06-14,,-660.0,-800.0,,,470.0,-660.0,,470.0,
jalen brunson,assists,4.5,True,2026-06-14,-350.0,-288.0,-320.0,,,225.0,-288.0,,225.0,
jalen brunson,assists,5.5,False,2026-06-14,,-140.0,-148.0,,106.0,112.0,-140.0,,112.0,
jalen brunson,assists,5.5,True,2026-06-14,,-143.0,-148.0,,,112.0,-143.0,,112.0,
jalen brunson,assists,6.5,False,2026-06-14,120.0,,,-160.0,,,120.0,,-160.0,
jalen brunson,assists,6.5,True,2026-06-14,110.0,132.0,138.0,,,-186.0,138.0,,-186.0,
jalen brunson,assists,7.5,True,2026-06-14,,239.0,260.0,,,-380.0,260.0,,-380.0,
jalen brunson,assists,8.5,True,2026-06-14,,424.0,470.0,,,-850.0,470.0,,-850.0,
jalen brunson,assists,9.5,True,2026-06-14,600.0,750.0,750.0,,,,750.0,,,
jalen brunson,assists,10.5,True,2026-06-14,,1260.0,,,,,1260.0,,,
jalen brunson,assists,11.5,True,2026-06-14,,2000.0,1800.0,,,,2000.0,,,
jalen brunson,assists,12.5,True,2026-06-14,,2900.0,,,,,2900.0,,,
jalen brunson,points,14.5,True,2026-06-14,,,-6000.0,,,,-6000.0,,,
jalen brunson,points,17.5,True,2026-06-14,,-1140.0,,,,,-1140.0,,,
jalen brunson,points,18.5,True,2026-06-14,,,-1200.0,,,,-1200.0,,,
jalen brunson,points,19.5,True,2026-06-14,-900.0,-660.0,-800.0,,,470.0,-660.0,,470.0,
jalen brunson,points,20.5,True,2026-06-14,,,-600.0,,,370.0,-600.0,,370.0,
jalen brunson,points,21.5,True,2026-06-14,,,-450.0,,,300.0,-450.0,,300.0,
jalen brunson,points,22.5,True,2026-06-14,,,-350.0,,,240.0,-350.0,,240.0,
jalen brunson,points,23.5,True,2026-06-14,,,-275.0,,,198.0,-275.0,,198.0,
jalen brunson,points,24.5,True,2026-06-14,-250.0,-214.0,-225.0,,,164.0,-214.0,,164.0,
jalen brunson,points,25.5,True,2026-06-14,,,-182.0,,,136.0,-182.0,,136.0,
jalen brunson,points,26.5,True,2026-06-14,,,-146.0,,,110.0,-146.0,,110.0,
jalen brunson,points,27.5,False,2026-06-14,-125.0,-115.0,-118.0,-105.0,-111.0,-112.0,-115.0,,-105.0,
jalen brunson,points,27.5,True,2026-06-14,,-118.0,-118.0,,,-112.0,-118.0,,-112.0,
jalen brunson,points,28.5,True,2026-06-14,,,106.0,,,-140.0,106.0,,-140.0,
jalen brunson,points,29.5,True,2026-06-14,115.0,122.0,130.0,,,-174.0,130.0,,-174.0,
jalen brunson,points,30.5,True,2026-06-14,,,154.0,,,-210.0,154.0,,-210.0,
jalen brunson,points,31.5,True,2026-06-14,,,188.0,,,-260.0,188.0,,-260.0,
jalen brunson,points,32.5,True,2026-06-14,,,225.0,,,-320.0,225.0,,-320.0,
jalen brunson,points,33.5,True,2026-06-14,,,280.0,,,-420.0,280.0,,-420.0,
jalen brunson,points,34.5,True,2026-06-14,300.0,306.0,320.0,,,-500.0,320.0,,-500.0,
jalen brunson,points,35.5,True,2026-06-14,,,390.0,,,-650.0,390.0,,-650.0,
jalen brunson,points,36.5,True,2026-06-14,,,470.0,,,-800.0,470.0,,-800.0,
jalen brunson,points,37.5,True,2026-06-14,,,,,,-1200.0,,,-1200.0,
jalen brunson,points,39.5,True,2026-06-14,750.0,750.0,870.0,,,,870.0,,,
jalen brunson,points,44.5,True,2026-06-14,,1780.0,1700.0,,,,1780.0,,,
jalen brunson,points,49.5,True,2026-06-14,,,4000.0,,,,4000.0,,,
jalen brunson,rebounds,1.5,True,2026-06-14,,,-800.0,,,450.0,-800.0,,450.0,
jalen brunson,rebounds,2.5,True,2026-06-14,-200.0,-211.0,-225.0,,,164.0,-200.0,,164.0,
jalen brunson,rebounds,3.5,False,2026-06-14,125.0,112.0,116.0,-165.0,-147.0,-154.0,125.0,,-147.0,
jalen brunson,rebounds,3.5,True,2026-06-14,,112.0,118.0,,,-154.0,118.0,,-154.0,
jalen brunson,rebounds,4.5,True,2026-06-14,260.0,244.0,255.0,,,-360.0,260.0,,-360.0,
jalen brunson,rebounds,5.5,True,2026-06-14,,494.0,560.0,,,-1100.0,560.0,,-1100.0,
jalen brunson,rebounds,6.5,True,2026-06-14,,990.0,,,,,990.0,,,
jalen brunson,rebounds,7.5,True,2026-06-14,,1820.0,,,,,1820.0,,,
jalen brunson,rebounds,8.5,True,2026-06-14,,2800.0,,,,,2800.0,,,
jalen brunson,threes,0.5,True,2026-06-14,-1400.0,-1240.0,-1800.0,,,,-1240.0,,,
jalen brunson,threes,1.5,True,2026-06-14,-275.0,-245.0,-280.0,,,200.0,-245.0,,200.0,
jalen brunson,threes,2.5,False,2026-06-14,110.0,117.0,118.0,-150.0,-154.0,-158.0,118.0,,-150.0,
jalen brunson,threes,2.5,True,2026-06-14,110.0,116.0,118.0,,,-158.0,118.0,,-158.0,
jalen brunson,threes,3.5,True,2026-06-14,260.0,286.0,300.0,,,-450.0,300.0,,-450.0,
jalen brunson,threes,4.5,True,2026-06-14,600.0,660.0,700.0,,,,700.0,,,
jalen brunson,threes,5.5,True,2026-06-14,,1420.0,1500.0,,,,1500.0,,,
jalen brunson,threes,6.5,True,2026-06-14,,2400.0,3500.0,,,,3500.0,,,
jose alvarado,assists,1.5,False,2026-06-14,-155.0,-135.0,,115.0,103.0,,-135.0,,115.0,
jose alvarado,assists,1.5,True,2026-06-14,,-136.0,-136.0,,,,-136.0,,,
jose alvarado,assists,2.5,True,2026-06-14,,199.0,,,,,199.0,,,
jose alvarado,assists,3.5,True,2026-06-14,,466.0,500.0,,,,500.0,,,
jose alvarado,assists,4.5,True,2026-06-14,825.0,1020.0,,,,,1020.0,,,
jose alvarado,assists,5.5,True,2026-06-14,,2000.0,,,,,2000.0,,,
jose alvarado,points,3.5,False,2026-06-14,-130.0,-126.0,,-105.0,-101.0,,-126.0,,-101.0,
jose alvarado,points,3.5,True,2026-06-14,,-127.0,,,,,-127.0,,,
jose alvarado,points,4.5,False,2026-06-14,,,102.0,,,-136.0,102.0,,-136.0,
jose alvarado,points,5.5,True,2026-06-14,,162.0,,,,,162.0,,,
jose alvarado,points,7.5,True,2026-06-14,,316.0,,,,,316.0,,,
jose alvarado,points,9.5,True,2026-06-14,675.0,610.0,630.0,,,,675.0,,,
jose alvarado,points,11.5,True,2026-06-14,,1100.0,,,,,1100.0,,,
jose alvarado,points,14.5,True,2026-06-14,,2300.0,,,,,2300.0,,,
jose alvarado,rebounds,1.5,False,2026-06-14,-120.0,-121.0,-122.0,-110.0,-109.0,-108.0,-120.0,,-108.0,
jose alvarado,rebounds,1.5,True,2026-06-14,,-120.0,,,,,-120.0,,,
jose alvarado,rebounds,2.5,True,2026-06-14,230.0,221.0,,,,,230.0,,,
jose alvarado,rebounds,3.5,True,2026-06-14,,506.0,520.0,,,,520.0,,,
jose alvarado,rebounds,4.5,True,2026-06-14,,1120.0,,,,,1120.0,,,
jose alvarado,rebounds,5.5,True,2026-06-14,,2100.0,,,,,2100.0,,,
jose alvarado,threes,0.5,False,2026-06-14,-150.0,-132.0,,110.0,101.0,,-132.0,,110.0,
jose alvarado,threes,0.5,True,2026-06-14,-150.0,-133.0,-130.0,,,,-130.0,,,
jose alvarado,threes,1.5,True,2026-06-14,310.0,324.0,350.0,,,,350.0,,,
jose alvarado,threes,2.5,True,2026-06-14,,1000.0,1100.0,,,,1100.0,,,
jose alvarado,threes,3.5,True,2026-06-14,,2400.0,,,,,2400.0,,,
josh hart,assists,2.5,True,2026-06-14,-750.0,-770.0,-900.0,,,,-750.0,,,
josh hart,assists,3.5,True,2026-06-14,,-280.0,-310.0,,,225.0,-280.0,,225.0,
josh hart,assists,4.5,False,2026-06-14,-125.0,-131.0,-138.0,-105.0,-101.0,104.0,-125.0,,104.0,
josh hart,assists,4.5,True,2026-06-14,-125.0,-131.0,-138.0,,,104.0,-125.0,,104.0,
josh hart,assists,5.5,True,2026-06-14,,157.0,152.0,,,-205.0,157.0,,-205.0,
josh hart,assists,6.5,True,2026-06-14,300.0,309.0,290.0,,,-440.0,309.0,,-440.0,
josh hart,assists,7.5,True,2026-06-14,,586.0,560.0,,,-1100.0,586.0,,-1100.0,
josh hart,assists,8.5,True,2026-06-14,,1100.0,,,,,1100.0,,,
josh hart,assists,9.5,True,2026-06-14,,1940.0,1200.0,,,,1940.0,,,
josh hart,points,4.5,True,2026-06-14,,,-850.0,,,470.0,-850.0,,470.0,
josh hart,points,5.5,True,2026-06-14,,-438.0,-450.0,,,300.0,-438.0,,300.0,
josh hart,points,6.5,True,2026-06-14,,,-310.0,,,220.0,-310.0,,220.0,
josh hart,points,7.5,True,2026-06-14,,-202.0,-205.0,,,152.0,-202.0,,152.0,
josh hart,points,8.5,True,2026-06-14,,,-138.0,,,104.0,-138.0,,104.0,
josh hart,points,9.5,False,2026-06-14,-105.0,-105.0,102.0,-125.0,-122.0,-136.0,102.0,,-122.0,
josh hart,points,9.5,True,2026-06-14,-111.0,-103.0,102.0,,,-136.0,102.0,,-136.0,
josh hart,points,10.5,True,2026-06-14,,,140.0,,,-188.0,140.0,,-188.0,
josh hart,points,11.5,True,2026-06-14,,181.0,188.0,,,-260.0,188.0,,-260.0,
josh hart,points,12.5,True,2026-06-14,,,250.0,,,-360.0,250.0,,-360.0,
josh hart,points,13.5,True,2026-06-14,,,320.0,,,-500.0,320.0,,-500.0,
josh hart,points,14.5,True,2026-06-14,380.0,426.0,450.0,,,,450.0,,,
josh hart,points,17.5,True,2026-06-14,,960.0,,,,,960.0,,,
josh hart,points,19.5,True,2026-06-14,,1540.0,1500.0,,,,1540.0,,,
josh hart,rebounds,4.5,True,2026-06-14,-1600.0,-1760.0,,,,,-1600.0,,,
josh hart,rebounds,5.5,True,2026-06-14,,-720.0,-650.0,,,390.0,-650.0,,390.0,
josh hart,rebounds,6.5,True,2026-06-14,-350.0,-354.0,-310.0,,,220.0,-310.0,,220.0,
josh hart,rebounds,7.5,True,2026-06-14,,-196.0,-172.0,,,128.0,-172.0,,128.0,
josh hart,rebounds,8.5,False,2026-06-14,-110.0,-113.0,102.0,-120.0,-116.0,-136.0,102.0,,-116.0,
josh hart,rebounds,8.5,True,2026-06-14,,-115.0,102.0,,,-136.0,102.0,,-136.0,
josh hart,rebounds,9.5,True,2026-06-14,150.0,142.0,146.0,,,-198.0,150.0,,-198.0,
josh hart,rebounds,10.5,True,2026-06-14,,227.0,225.0,,,-320.0,227.0,,-320.0,
josh hart,rebounds,11.5,True,2026-06-14,,365.0,370.0,,,-600.0,370.0,,-600.0,
josh hart,rebounds,12.5,True,2026-06-14,600.0,577.0,,,,-1200.0,600.0,,-1200.0,
josh hart,rebounds,13.5,True,2026-06-14,,920.0,1000.0,,,,1000.0,,,
josh hart,rebounds,14.5,True,2026-06-14,,1380.0,,,,,1380.0,,,
josh hart,rebounds,15.5,True,2026-06-14,,2000.0,2000.0,,,,2000.0,,,
josh hart,rebounds,16.5,True,2026-06-14,,2800.0,,,,,2800.0,,,
josh hart,threes,0.5,True,2026-06-14,-375.0,-335.0,-390.0,,,270.0,-335.0,,270.0,
josh hart,threes,1.5,False,2026-06-14,115.0,130.0,128.0,-155.0,-172.0,-172.0,130.0,,-155.0,
josh hart,threes,1.5,True,2026-06-14,115.0,132.0,130.0,,,-172.0,132.0,,-172.0,
josh hart,threes,2.5,True,2026-06-14,340.0,423.0,430.0,,,-700.0,430.0,,-700.0,
josh hart,threes,3.5,True,2026-06-14,,1180.0,1100.0,,,,1180.0,,,
josh hart,threes,4.5,True,2026-06-14,,2500.0,,,,,2500.0,,,
julian champagnie,assists,1.5,False,2026-06-14,145.0,160.0,178.0,-200.0,-213.0,-245.0,178.0,,-200.0,
julian champagnie,assists,1.5,True,2026-06-14,,163.0,180.0,,,,180.0,,,
julian champagnie,assists,2.5,True,2026-06-14,,536.0,,,,,536.0,,,
julian champagnie,assists,3.5,True,2026-06-14,,1580.0,,,,,1580.0,,,
julian champagnie,points,4.5,True,2026-06-14,,,-850.0,,,470.0,-850.0,,470.0,
julian champagnie,points,5.5,True,2026-06-14,,-416.0,-450.0,,,300.0,-416.0,,300.0,
julian champagnie,points,6.5,True,2026-06-14,,,-280.0,,,200.0,-280.0,,200.0,
julian champagnie,points,7.5,True,2026-06-14,,-200.0,-220.0,,,162.0,-200.0,,162.0,
julian champagnie,points,8.5,True,2026-06-14,,,-144.0,,,108.0,-144.0,,108.0,
julian champagnie,points,9.5,False,2026-06-14,-111.0,-101.0,100.0,-118.0,-126.0,-132.0,100.0,,-118.0,
julian champagnie,points,9.5,True,2026-06-14,-115.0,102.0,100.0,,,-132.0,102.0,,-132.0,
julian champagnie,points,10.5,True,2026-06-14,,,130.0,,,-174.0,130.0,,-174.0,
julian champagnie,points,11.5,True,2026-06-14,,178.0,178.0,,,-245.0,178.0,,-245.0,
julian champagnie,points,12.5,True,2026-06-14,,,230.0,,,-330.0,230.0,,-330.0,
julian champagnie,points,13.5,True,2026-06-14,,,290.0,,,-440.0,290.0,,-440.0,
julian champagnie,points,14.5,True,2026-06-14,340.0,402.0,400.0,,,,402.0,,,
julian champagnie,points,17.5,True,2026-06-14,,900.0,,,,,900.0,,,
julian champagnie,points,19.5,True,2026-06-14,,1420.0,1400.0,,,,1420.0,,,
julian champagnie,rebounds,2.5,True,2026-06-14,-750.0,-750.0,-670.0,,,400.0,-670.0,,400.0,
julian champagnie,rebounds,3.5,True,2026-06-14,,-283.0,-250.0,,,182.0,-250.0,,182.0,
julian champagnie,rebounds,4.5,False,2026-06-14,-135.0,-132.0,-114.0,100.0,100.0,-114.0,-114.0,,100.0,
julian champagnie,rebounds,4.5,True,2026-06-14,-135.0,-132.0,-114.0,,,-114.0,-114.0,,-114.0,
julian champagnie,rebounds,5.5,True,2026-06-14,,149.0,176.0,,,-240.0,176.0,,-240.0,
julian champagnie,rebounds,6.5,True,2026-06-14,280.0,279.0,320.0,,,-490.0,320.0,,-490.0,
julian champagnie,rebounds,7.5,True,2026-06-14,,533.0,600.0,,,-1200.0,600.0,,-1200.0,
julian champagnie,rebounds,8.5,True,2026-06-14,,970.0,,,,,970.0,,,
julian champagnie,rebounds,9.5,True,2026-06-14,,1680.0,1500.0,,,,1680.0,,,
julian champagnie,rebounds,10.5,True,2026-06-14,,2500.0,,,,,2500.0,,,
julian champagnie,threes,0.5,True,2026-06-14,-1100.0,-1260.0,-1400.0,,,,-1100.0,,,
julian champagnie,threes,1.5,True,2026-06-14,-235.0,-234.0,-225.0,,,,-225.0,,,
julian champagnie,threes,2.5,False,2026-06-14,125.0,129.0,,-165.0,-171.0,,129.0,,-165.0,
julian champagnie,threes,2.5,True,2026-06-14,125.0,129.0,140.0,,,,140.0,,,
julian champagnie,threes,3.5,True,2026-06-14,310.0,326.0,340.0,,,,340.0,,,
julian champagnie,threes,4.5,True,2026-06-14,700.0,750.0,800.0,,,,800.0,,,
julian champagnie,threes,5.5,True,2026-06-14,,1620.0,1700.0,,,,1700.0,,,
julian champagnie,threes,6.5,True,2026-06-14,,2900.0,,,,,2900.0,,,
karl-anthony towns,assists,1.5,True,2026-06-14,,,-1100.0,,,,-1100.0,,,
karl-anthony towns,assists,2.5,True,2026-06-14,-295.0,-279.0,-310.0,,,220.0,-279.0,,220.0,
karl-anthony towns,assists,3.5,False,2026-06-14,-115.0,-113.0,-114.0,-115.0,-117.0,-114.0,-113.0,,-114.0,
karl-anthony towns,assists,3.5,True,2026-06-14,,-114.0,-113.0,,,-114.0,-113.0,,-114.0,
karl-anthony towns,assists,4.5,True,2026-06-14,180.0,192.0,194.0,,,-270.0,194.0,,-270.0,
karl-anthony towns,assists,5.5,True,2026-06-14,,398.0,400.0,,,-650.0,400.0,,-650.0,
karl-anthony towns,assists,6.5,True,2026-06-14,700.0,840.0,,,,,840.0,,,
karl-anthony towns,assists,7.5,True,2026-06-14,,1540.0,1400.0,,,,1540.0,,,
karl-anthony towns,assists,8.5,True,2026-06-14,,2600.0,,,,,2600.0,,,
karl-anthony towns,points,7.5,True,2026-06-14,,-3300.0,,,,,-3300.0,,,
karl-anthony towns,points,9.5,True,2026-06-14,-1100.0,-1080.0,-1100.0,,,,-1080.0,,,
karl-anthony towns,points,10.5,True,2026-06-14,,,-700.0,,,410.0,-700.0,,410.0,
karl-anthony towns,points,11.5,True,2026-06-14,,-481.0,-490.0,,,320.0,-481.0,,320.0,
karl-anthony towns,points,12.5,True,2026-06-14,,,-350.0,,,240.0,-350.0,,240.0,
karl-anthony towns,points,13.5,True,2026-06-14,,,-270.0,,,194.0,-270.0,,194.0,
karl-anthony towns,points,14.5,True,2026-06-14,-210.0,-187.0,-200.0,,,148.0,-187.0,,148.0,
karl-anthony towns,points,15.5,True,2026-06-14,,,-146.0,,,110.0,-146.0,,110.0,
karl-anthony towns,points,16.5,False,2026-06-14,-111.0,-112.0,-110.0,-118.0,-114.0,-120.0,-110.0,,-114.0,
karl-anthony towns,points,16.5,True,2026-06-14,,-109.0,-110.0,,,-120.0,-109.0,,-120.0,
karl-anthony towns,points,17.5,True,2026-06-14,,120.0,116.0,,,-154.0,120.0,,-154.0,
karl-anthony towns,points,18.5,True,2026-06-14,,,152.0,,,-205.0,152.0,,-205.0,
karl-anthony towns,points,19.5,True,2026-06-14,165.0,197.0,194.0,,,-270.0,197.0,,-270.0,
karl-anthony towns,points,20.5,True,2026-06-14,,,240.0,,,-350.0,240.0,,-350.0,
karl-anthony towns,points,21.5,True,2026-06-14,,,310.0,,,-470.0,310.0,,-470.0,
karl-anthony towns,points,22.5,True,2026-06-14,,,370.0,,,-600.0,370.0,,-600.0,
karl-anthony towns,points,23.5,True,2026-06-14,,,470.0,,,-850.0,470.0,,-850.0,
karl-anthony towns,points,24.5,True,2026-06-14,500.0,670.0,600.0,,,,670.0,,,
karl-anthony towns,points,29.5,True,2026-06-14,,1920.0,1700.0,,,,1920.0,,,
karl-anthony towns,rebounds,5.5,True,2026-06-14,,,-3500.0,,,,-3500.0,,,
karl-anthony towns,rebounds,6.5,True,2026-06-14,-2000.0,-1600.0,-1450.0,,,,-1450.0,,,
karl-anthony towns,rebounds,7.5,True,2026-06-14,,-770.0,-670.0,,,400.0,-670.0,,400.0,
karl-anthony towns,rebounds,8.5,True,2026-06-14,,-416.0,-350.0,,,240.0,-350.0,,240.0,
karl-anthony towns,rebounds,9.5,True,2026-06-14,-275.0,-250.0,-250.0,,,182.0,-250.0,,182.0,
karl-anthony towns,rebounds,10.5,True,2026-06-14,,-156.0,-154.0,,,116.0,-154.0,,116.0,
karl-anthony towns,rebounds,11.5,False,2026-06-14,100.0,100.0,104.0,-135.0,-132.0,-138.0,104.0,,-132.0,
karl-anthony towns,rebounds,11.5,True,2026-06-14,,-101.0,104.0,,,-138.0,104.0,,-138.0,
karl-anthony towns,rebounds,12.5,True,2026-06-14,145.0,149.0,164.0,,,-225.0,164.0,,-225.0,
karl-anthony towns,rebounds,13.5,True,2026-06-14,,226.0,240.0,,,-350.0,240.0,,-350.0,
karl-anthony towns,rebounds,14.5,True,2026-06-14,325.0,341.0,370.0,,,-600.0,370.0,,-600.0,
karl-anthony towns,rebounds,15.5,True,2026-06-14,,506.0,560.0,,,-1100.0,560.0,,-1100.0,
karl-anthony towns,rebounds,16.5,True,2026-06-14,700.0,740.0,,,,,740.0,,,
karl-anthony towns,rebounds,17.5,True,2026-06-14,,1100.0,,,,,1100.0,,,
karl-anthony towns,rebounds,18.5,True,2026-06-14,,1600.0,,,,,1600.0,,,
karl-anthony towns,rebounds,19.5,True,2026-06-14,,2100.0,,,,,2100.0,,,
karl-anthony towns,threes,0.5,True,2026-06-14,-300.0,-330.0,-350.0,,,240.0,-300.0,,240.0,
karl-anthony towns,threes,1.5,False,2026-06-14,140.0,132.0,140.0,-190.0,-175.0,-188.0,140.0,,-175.0,
karl-anthony towns,threes,1.5,True,2026-06-14,140.0,133.0,140.0,,,-188.0,140.0,,-188.0,
karl-anthony towns,threes,2.5,True,2026-06-14,425.0,427.0,410.0,,,-700.0,427.0,,-700.0,
karl-anthony towns,threes,3.5,True,2026-06-14,,1200.0,1200.0,,,,1200.0,,,
karl-anthony towns,threes,4.5,True,2026-06-14,,2600.0,,,,,2600.0,,,
keldon johnson,assists,0.5,False,2026-06-14,,-144.0,,,109.0,,-144.0,,109.0,
keldon johnson,assists,0.5,True,2026-06-14,,-145.0,,,,,-145.0,,,
keldon johnson,assists,2.5,True,2026-06-14,,1120.0,,,,,1120.0,,,
keldon johnson,assists,3.5,True,2026-06-14,,2800.0,,,,,2800.0,,,
keldon johnson,points,2.5,True,2026-06-14,,,-600.0,,,370.0,-600.0,,370.0,
keldon johnson,points,3.5,True,2026-06-14,,,-350.0,,,240.0,-350.0,,240.0,
keldon johnson,points,4.5,True,2026-06-14,,,-245.0,,,178.0,-245.0,,178.0,
keldon johnson,points,5.5,True,2026-06-14,,-174.0,-154.0,,,116.0,-154.0,,116.0,
keldon johnson,points,6.5,False,2026-06-14,-135.0,-120.0,-106.0,100.0,-106.0,-125.0,-106.0,,100.0,
keldon johnson,points,6.5,True,2026-06-14,,-120.0,-106.0,,,-125.0,-106.0,,-125.0,
keldon johnson,points,7.5,True,2026-06-14,,120.0,132.0,,,-178.0,132.0,,-178.0,
keldon johnson,points,8.5,True,2026-06-14,,,182.0,,,-250.0,182.0,,-250.0,
keldon johnson,points,9.5,True,2026-06-14,200.0,230.0,240.0,,,-350.0,240.0,,-350.0,
keldon johnson,points,11.5,True,2026-06-14,,432.0,,,,,432.0,,,
keldon johnson,points,14.5,True,2026-06-14,825.0,990.0,900.0,,,,990.0,,,
keldon johnson,points,17.5,True,2026-06-14,,2100.0,,,,,2100.0,,,
keldon johnson,points,19.5,True,2026-06-14,,3000.0,,,,,3000.0,,,
keldon johnson,rebounds,2.5,False,2026-06-14,-165.0,-170.0,,125.0,128.0,,-165.0,,128.0,
keldon johnson,rebounds,2.5,True,2026-06-14,-175.0,-171.0,,,,,-171.0,,,
keldon johnson,rebounds,3.5,True,2026-06-14,,137.0,168.0,,,,168.0,,,
keldon johnson,rebounds,4.5,True,2026-06-14,275.0,281.0,,,,,281.0,,,
keldon johnson,rebounds,5.5,True,2026-06-14,,575.0,700.0,,,,700.0,,,
keldon johnson,rebounds,6.5,True,2026-06-14,,1060.0,,,,,1060.0,,,
keldon johnson,rebounds,7.5,True,2026-06-14,,1840.0,,,,,1840.0,,,
keldon johnson,rebounds,8.5,True,2026-06-14,,2900.0,,,,,2900.0,,,
keldon johnson,threes,0.5,False,2026-06-14,,-116.0,,,-114.0,,-116.0,,-114.0,
keldon johnson,threes,0.5,True,2026-06-14,,-116.0,,,,,-116.0,,,
keldon johnson,threes,1.5,True,2026-06-14,,394.0,,,,,394.0,,,
keldon johnson,threes,2.5,True,2026-06-14,,1360.0,,,,,1360.0,,,
landry shamet,assists,1.5,False,2026-06-14,165.0,175.0,194.0,-225.0,-234.0,-270.0,194.0,,-225.0,
landry shamet,assists,1.5,True,2026-06-14,,176.0,200.0,,,,200.0,,,
landry shamet,assists,2.5,True,2026-06-14,,564.0,,,,,564.0,,,
landry shamet,assists,3.5,True,2026-06-14,,1500.0,,,,,1500.0,,,
landry shamet,points,2.5,True,2026-06-14,,,-1000.0,,,,-1000.0,,,
landry shamet,points,3.5,True,2026-06-14,,,-350.0,,,240.0,-350.0,,240.0,
landry shamet,points,4.5,True,2026-06-14,,,-300.0,,,210.0,-300.0,,210.0,
landry shamet,points,5.5,True,2026-06-14,,-187.0,-192.0,,,142.0,-187.0,,142.0,
landry shamet,points,6.5,False,2026-06-14,-120.0,-121.0,-114.0,-110.0,-105.0,-114.0,-114.0,,-105.0,
landry shamet,points,6.5,True,2026-06-14,,-120.0,-114.0,,,-114.0,-114.0,,-114.0,
landry shamet,points,7.5,True,2026-06-14,,105.0,110.0,,,-146.0,110.0,,-146.0,
landry shamet,points,8.5,True,2026-06-14,,,162.0,,,-220.0,162.0,,-220.0,
landry shamet,points,9.5,True,2026-06-14,210.0,207.0,235.0,,,-320.0,235.0,,-320.0,
landry shamet,points,11.5,True,2026-06-14,,367.0,,,,,367.0,,,
landry shamet,points,14.5,True,2026-06-14,850.0,830.0,900.0,,,,900.0,,,
landry shamet,points,17.5,True,2026-06-14,,1660.0,,,,,1660.0,,,
landry shamet,points,19.5,True,2026-06-14,,2300.0,,,,,2300.0,,,
landry shamet,rebounds,1.5,False,2026-06-14,115.0,125.0,126.0,-155.0,-165.0,-168.0,126.0,,-155.0,
landry shamet,rebounds,1.5,True,2026-06-14,,125.0,,,,,125.0,,,
landry shamet,rebounds,2.5,True,2026-06-14,300.0,383.0,,,,,383.0,,,
landry shamet,rebounds,3.5,True,2026-06-14,,980.0,,,,,980.0,,,
landry shamet,rebounds,4.5,True,2026-06-14,,2200.0,,,,,2200.0,,,
landry shamet,threes,0.5,True,2026-06-14,-500.0,-474.0,-600.0,,,370.0,-474.0,,370.0,
landry shamet,threes,1.5,False,2026-06-14,-110.0,-106.0,-128.0,-120.0,-124.0,-104.0,-106.0,,-104.0,
landry shamet,threes,1.5,True,2026-06-14,-110.0,-107.0,-128.0,,,-104.0,-107.0,,-104.0,
landry shamet,threes,2.5,True,2026-06-14,275.0,278.0,240.0,,,-350.0,278.0,,-350.0,
landry shamet,threes,3.5,True,2026-06-14,675.0,740.0,630.0,,,-1400.0,740.0,,-1400.0,
landry shamet,threes,4.5,True,2026-06-14,,1700.0,1500.0,,,,1700.0,,,
landry shamet,threes,5.5,True,2026-06-14,,2900.0,,,,,2900.0,,,
luke kornet,assists,0.5,True,2026-06-14,,120.0,,,,,120.0,,,
luke kornet,assists,2.5,True,2026-06-14,,1760.0,,,,,1760.0,,,
luke kornet,points,0.5,True,2026-06-14,,,-136.0,,,102.0,-136.0,,102.0,
luke kornet,points,1.5,False,2026-06-14,-145.0,-139.0,-125.0,110.0,109.0,-106.0,-125.0,,110.0,
luke kornet,points,1.5,True,2026-06-14,,-139.0,-125.0,,,-106.0,-125.0,,-106.0,
luke kornet,points,2.5,True,2026-06-14,,,162.0,,,-220.0,162.0,,-220.0,
luke kornet,points,3.5,True,2026-06-14,,,280.0,,,-420.0,280.0,,-420.0,
luke kornet,points,4.5,True,2026-06-14,,,390.0,,,-650.0,390.0,,-650.0,
luke kornet,points,5.5,True,2026-06-14,,890.0,,,,,890.0,,,
luke kornet,points,7.5,True,2026-06-14,,2000.0,,,,,2000.0,,,
luke kornet,rebounds,0.5,True,2026-06-14,,,-580.0,,,360.0,-580.0,,360.0,
luke kornet,rebounds,1.5,False,2026-06-14,,-169.0,-172.0,,128.0,128.0,-169.0,,128.0,
luke kornet,rebounds,1.5,True,2026-06-14,,-171.0,-172.0,,,128.0,-171.0,,128.0,
luke kornet,rebounds,2.5,False,2026-06-14,120.0,,,-160.0,,,120.0,,-160.0,
luke kornet,rebounds,2.5,True,2026-06-14,115.0,137.0,136.0,,,-182.0,137.0,,-182.0,
luke kornet,rebounds,3.5,True,2026-06-14,,291.0,260.0,,,-380.0,291.0,,-380.0,
luke kornet,rebounds,4.5,True,2026-06-14,475.0,569.0,450.0,,,-800.0,569.0,,-800.0,
luke kornet,rebounds,5.5,True,2026-06-14,,1040.0,800.0,,,,1040.0,,,
luke kornet,rebounds,6.5,True,2026-06-14,,1780.0,,,,,1780.0,,,
luke kornet,rebounds,7.5,True,2026-06-14,,2700.0,,,,,2700.0,,,
mikal bridges,assists,1.5,True,2026-06-14,,,-470.0,,,310.0,-470.0,,310.0,
mikal bridges,assists,2.5,False,2026-06-14,-155.0,-145.0,-146.0,115.0,110.0,110.0,-145.0,,115.0,
mikal bridges,assists,2.5,True,2026-06-14,-155.0,-145.0,-146.0,,,110.0,-145.0,,110.0,
mikal bridges,assists,3.5,True,2026-06-14,,169.0,176.0,,,-245.0,176.0,,-245.0,
mikal bridges,assists,4.5,True,2026-06-14,340.0,379.0,390.0,,,-650.0,390.0,,-650.0,
mikal bridges,assists,5.5,True,2026-06-14,,830.0,870.0,,,,870.0,,,
mikal bridges,assists,6.5,True,2026-06-14,,1700.0,,,,,1700.0,,,
mikal bridges,assists,7.5,True,2026-06-14,,2800.0,,,,,2800.0,,,
mikal bridges,points,5.5,True,2026-06-14,,-870.0,,,,,-870.0,,,
mikal bridges,points,6.5,True,2026-06-14,,,-550.0,,,350.0,-550.0,,350.0,
mikal bridges,points,7.5,True,2026-06-14,,-345.0,-340.0,,,235.0,-340.0,,235.0,
mikal bridges,points,8.5,True,2026-06-14,,,-250.0,,,182.0,-250.0,,182.0,
mikal bridges,points,9.5,True,2026-06-14,-190.0,-172.0,-178.0,,,132.0,-172.0,,132.0,
mikal bridges,points,10.5,False,2026-06-14,,-122.0,-130.0,,-104.0,-102.0,-122.0,,-102.0,
mikal bridges,points,10.5,True,2026-06-14,,-124.0,-130.0,,,-102.0,-124.0,,-102.0,
mikal bridges,points,11.5,False,2026-06-14,100.0,,,-135.0,,,100.0,,-135.0,
mikal bridges,points,11.5,True,2026-06-14,,109.0,104.0,,,-138.0,109.0,,-138.0,
mikal bridges,points,12.5,True,2026-06-14,,,140.0,,,-188.0,140.0,,-188.0,
mikal bridges,points,13.5,True,2026-06-14,,,182.0,,,-250.0,182.0,,-250.0,
mikal bridges,points,14.5,True,2026-06-14,230.0,254.0,230.0,,,-330.0,254.0,,-330.0,
mikal bridges,points,15.5,True,2026-06-14,,,310.0,,,-470.0,310.0,,-470.0,
mikal bridges,points,17.5,True,2026-06-14,,575.0,,,,,575.0,,,
mikal bridges,points,19.5,True,2026-06-14,800.0,960.0,870.0,,,,960.0,,,
mikal bridges,points,24.5,True,2026-06-14,,2700.0,,,,,2700.0,,,
mikal bridges,rebounds,1.5,True,2026-06-14,,,-750.0,,,430.0,-750.0,,430.0,
mikal bridges,rebounds,2.5,True,2026-06-14,-235.0,-223.0,-235.0,,,172.0,-223.0,,172.0,
mikal bridges,rebounds,3.5,False,2026-06-14,100.0,113.0,110.0,-135.0,-148.0,-146.0,113.0,,-135.0,
mikal bridges,rebounds,3.5,True,2026-06-14,,110.0,110.0,,,-146.0,110.0,,-146.0,
mikal bridges,rebounds,4.5,True,2026-06-14,210.0,239.0,240.0,,,-350.0,240.0,,-350.0,
mikal bridges,rebounds,5.5,True,2026-06-14,,487.0,520.0,,,-1000.0,520.0,,-1000.0,
mikal bridges,rebounds,6.5,True,2026-06-14,775.0,1000.0,,,,,1000.0,,,
mikal bridges,rebounds,7.5,True,2026-06-14,,1820.0,,,,,1820.0,,,
mikal bridges,threes,0.5,True,2026-06-14,-325.0,-335.0,-400.0,,,280.0,-325.0,,280.0,
mikal bridges,threes,1.5,False,2026-06-14,145.0,134.0,118.0,-200.0,-177.0,-158.0,145.0,,-158.0,
mikal bridges,threes,1.5,True,2026-06-14,130.0,134.0,120.0,,,-158.0,134.0,,-158.0,
mikal bridges,threes,2.5,True,2026-06-14,390.0,434.0,360.0,,,-580.0,434.0,,-580.0,
mikal bridges,threes,3.5,True,2026-06-14,,1220.0,1060.0,,,,1220.0,,,
mikal bridges,threes,4.5,True,2026-06-14,,2700.0,,,,,2700.0,,,
miles mcbride,assists,0.5,False,2026-06-14,-135.0,-107.0,,100.0,-123.0,,-107.0,,100.0,
miles mcbride,assists,0.5,True,2026-06-14,,-107.0,,,,,-107.0,,,
miles mcbride,assists,2.5,True,2026-06-14,,1120.0,,,,,1120.0,,,
miles mcbride,assists,3.5,True,2026-06-14,,2500.0,,,,,2500.0,,,
miles mcbride,points,2.5,False,2026-06-14,-155.0,-129.0,-118.0,115.0,101.0,-112.0,-118.0,,115.0,
miles mcbride,points,2.5,True,2026-06-14,,-129.0,,,,,-129.0,,,
miles mcbride,points,5.5,True,2026-06-14,,288.0,,,,,288.0,,,
miles mcbride,points,7.5,True,2026-06-14,,564.0,,,,,564.0,,,
miles mcbride,points,9.5,True,2026-06-14,,1160.0,,,,,1160.0,,,
miles mcbride,points,11.5,True,2026-06-14,,1800.0,,,,,1800.0,,,
miles mcbride,points,14.5,True,2026-06-14,,3000.0,,,,,3000.0,,,
miles mcbride,rebounds,0.5,False,2026-06-14,-125.0,-122.0,,-105.0,-108.0,,-122.0,,-105.0,
miles mcbride,rebounds,0.5,True,2026-06-14,,-125.0,,,,,-125.0,,,
miles mcbride,rebounds,2.5,True,2026-06-14,,830.0,,,,,830.0,,,
miles mcbride,rebounds,3.5,True,2026-06-14,,1920.0,,,,,1920.0,,,
miles mcbride,threes,0.5,False,2026-06-14,-120.0,-101.0,,-110.0,-130.0,,-101.0,,-110.0,
miles mcbride,threes,0.5,True,2026-06-14,-120.0,-101.0,,,,,-101.0,,,
miles mcbride,threes,1.5,True,2026-06-14,360.0,397.0,,,,,397.0,,,
miles mcbride,threes,2.5,True,2026-06-14,,1140.0,,,,,1140.0,,,
miles mcbride,threes,3.5,True,2026-06-14,,2500.0,,,,,2500.0,,,
mitchell robinson,assists,0.5,False,2026-06-14,,183.0,,,-245.0,,183.0,,-245.0,
mitchell robinson,assists,0.5,True,2026-06-14,,183.0,,,,,183.0,,,
mitchell robinson,assists,2.5,True,2026-06-14,,2800.0,,,,,2800.0,,,
mitchell robinson,points,3.5,False,2026-06-14,-118.0,-105.0,-106.0,-111.0,-121.0,-125.0,-105.0,,-111.0,
mitchell robinson,points,3.5,True,2026-06-14,,-105.0,,,,,-105.0,,,
mitchell robinson,points,5.5,True,2026-06-14,,224.0,,,,,224.0,,,
mitchell robinson,points,7.5,True,2026-06-14,,468.0,,,,,468.0,,,
mitchell robinson,points,9.5,True,2026-06-14,,900.0,800.0,,,,900.0,,,
mitchell robinson,points,11.5,True,2026-06-14,,1600.0,,,,,1600.0,,,
mitchell robinson,rebounds,1.5,True,2026-06-14,,,-1100.0,,,,-1100.0,,,
mitchell robinson,rebounds,2.5,True,2026-06-14,-700.0,-480.0,-420.0,,,280.0,-420.0,,280.0,
mitchell robinson,rebounds,3.5,True,2026-06-14,,-231.0,-200.0,,,154.0,-200.0,,154.0,
mitchell robinson,rebounds,4.5,False,2026-06-14,-135.0,-130.0,,100.0,-102.0,,-130.0,,100.0,
mitchell robinson,rebounds,4.5,True,2026-06-14,-150.0,-131.0,-114.0,,,-114.0,-114.0,,-114.0,
mitchell robinson,rebounds,5.5,True,2026-06-14,,127.0,152.0,,,-205.0,152.0,,-205.0,
mitchell robinson,rebounds,6.5,True,2026-06-14,210.0,201.0,235.0,,,-340.0,235.0,,-340.0,
mitchell robinson,rebounds,7.5,True,2026-06-14,,309.0,360.0,,,-580.0,360.0,,-580.0,
mitchell robinson,rebounds,8.5,True,2026-06-14,,466.0,,,,,466.0,,,
mitchell robinson,rebounds,9.5,True,2026-06-14,850.0,680.0,750.0,,,,850.0,,,
mitchell robinson,rebounds,10.5,True,2026-06-14,,1000.0,,,,,1000.0,,,
mitchell robinson,rebounds,11.5,True,2026-06-14,,1400.0,1500.0,,,,1500.0,,,
mitchell robinson,rebounds,12.5,True,2026-06-14,,1900.0,,,,,1900.0,,,
mitchell robinson,rebounds,13.5,True,2026-06-14,,2400.0,3000.0,,,,3000.0,,,
og anunoby,assists,1.5,False,2026-06-14,-110.0,-102.0,100.0,-120.0,-128.0,-132.0,100.0,,-120.0,
og anunoby,assists,1.5,True,2026-06-14,,-103.0,102.0,,,,102.0,,,
og anunoby,assists,2.5,True,2026-06-14,,300.0,,,,,300.0,,,
og anunoby,assists,3.5,True,2026-06-14,,820.0,870.0,,,,870.0,,,
og anunoby,assists,4.5,True,2026-06-14,,1920.0,,,,,1920.0,,,
og anunoby,points,7.5,True,2026-06-14,,-3500.0,,,,,-3500.0,,,
og anunoby,points,9.5,True,2026-06-14,-1400.0,-1260.0,-2000.0,,,,-1260.0,,,
og anunoby,points,10.5,True,2026-06-14,,,-1200.0,,,,-1200.0,,,
og anunoby,points,11.5,True,2026-06-14,,-610.0,-800.0,,,450.0,-610.0,,450.0,
og anunoby,points,12.5,True,2026-06-14,,,-580.0,,,360.0,-580.0,,360.0,
og anunoby,points,13.5,True,2026-06-14,,,-420.0,,,280.0,-420.0,,280.0,
og anunoby,points,14.5,True,2026-06-14,-275.0,-256.0,-295.0,,,220.0,-256.0,,220.0,
og anunoby,points,15.5,True,2026-06-14,,,-235.0,,,172.0,-235.0,,172.0,
og anunoby,points,16.5,True,2026-06-14,,,-180.0,,,134.0,-180.0,,134.0,
og anunoby,points,17.5,False,2026-06-14,-125.0,-125.0,,-105.0,-102.0,,-125.0,,-102.0,
og anunoby,points,17.5,True,2026-06-14,,-125.0,-138.0,,,104.0,-125.0,,104.0,
og anunoby,points,18.5,False,2026-06-14,,,-108.0,,,-122.0,-108.0,,-122.0,
og anunoby,points,18.5,True,2026-06-14,,,-108.0,,,-122.0,-108.0,,-122.0,
og anunoby,points,19.5,True,2026-06-14,125.0,125.0,120.0,,,-154.0,125.0,,-154.0,
og anunoby,points,20.5,True,2026-06-14,,,148.0,,,-200.0,148.0,,-200.0,
og anunoby,points,21.5,True,2026-06-14,,,182.0,,,-250.0,182.0,,-250.0,
og anunoby,points,22.5,True,2026-06-14,,,225.0,,,-320.0,225.0,,-320.0,
og anunoby,points,23.5,True,2026-06-14,,,280.0,,,-420.0,280.0,,-420.0,
og anunoby,points,24.5,True,2026-06-14,360.0,359.0,350.0,,,-550.0,360.0,,-550.0,
og anunoby,points,29.5,True,2026-06-14,,1000.0,1000.0,,,,1000.0,,,
og anunoby,points,34.5,True,2026-06-14,,2300.0,3000.0,,,,3000.0,,,
og anunoby,rebounds,2.5,True,2026-06-14,-1200.0,-1060.0,-1450.0,,,,-1060.0,,,
og anunoby,rebounds,3.5,True,2026-06-14,,-387.0,-440.0,,,290.0,-387.0,,290.0,
og anunoby,rebounds,4.5,True,2026-06-14,-210.0,-179.0,-188.0,,,140.0,-179.0,,140.0,
og anunoby,rebounds,5.5,False,2026-06-14,-105.0,108.0,114.0,-125.0,-142.0,-152.0,114.0,,-125.0,
og anunoby,rebounds,5.5,True,2026-06-14,,108.0,114.0,,,-152.0,114.0,,-152.0,
og anunoby,rebounds,6.5,True,2026-06-14,180.0,194.0,225.0,,,-320.0,225.0,,-320.0,
og anunoby,rebounds,7.5,True,2026-06-14,,353.0,400.0,,,-670.0,400.0,,-670.0,
og anunoby,rebounds,8.5,True,2026-06-14,,620.0,,,,,620.0,,,
og anunoby,rebounds,9.5,True,2026-06-14,,1060.0,1060.0,,,,1060.0,,,
og anunoby,rebounds,10.5,True,2026-06-14,,1740.0,,,,,1740.0,,,
og anunoby,rebounds,11.5,True,2026-06-14,,2500.0,,,,,2500.0,,,
og anunoby,threes,0.5,True,2026-06-14,-1600.0,-1800.0,-2200.0,,,,-1600.0,,,
og anunoby,threes,1.5,True,2026-06-14,-295.0,-315.0,-320.0,,,225.0,-295.0,,225.0,
og anunoby,threes,2.5,False,2026-06-14,100.0,-108.0,100.0,-135.0,-122.0,-132.0,100.0,,-122.0,
og anunoby,threes,2.5,True,2026-06-14,-105.0,-107.0,100.0,,,-132.0,100.0,,-132.0,
og anunoby,threes,3.5,True,2026-06-14,230.0,225.0,240.0,,,-350.0,240.0,,-350.0,
og anunoby,threes,4.5,True,2026-06-14,525.0,508.0,600.0,,,-1200.0,600.0,,-1200.0,
og anunoby,threes,5.5,True,2026-06-14,,1120.0,1200.0,,,,1200.0,,,
og anunoby,threes,6.5,True,2026-06-14,,2100.0,2500.0,,,,2500.0,,,
stephon castle,assists,3.5,True,2026-06-14,,-1160.0,-1100.0,,,,-1100.0,,,
stephon castle,assists,4.5,True,2026-06-14,-450.0,-453.0,-420.0,,,280.0,-420.0,,280.0,
stephon castle,assists,5.5,True,2026-06-14,,-212.0,-192.0,,,148.0,-192.0,,148.0,
stephon castle,assists,6.5,False,2026-06-14,-105.0,-110.0,100.0,-125.0,-120.0,-132.0,100.0,,-120.0,
stephon castle,assists,6.5,True,2026-06-14,-105.0,-110.0,100.0,,,-132.0,100.0,,-132.0,
stephon castle,assists,7.5,True,2026-06-14,,168.0,196.0,,,-270.0,196.0,,-270.0,
stephon castle,assists,8.5,True,2026-06-14,,308.0,350.0,,,-550.0,350.0,,-550.0,
stephon castle,assists,9.5,True,2026-06-14,500.0,551.0,540.0,,,-1000.0,551.0,,-1000.0,
stephon castle,assists,10.5,True,2026-06-14,,970.0,,,,,970.0,,,
stephon castle,assists,11.5,True,2026-06-14,,1600.0,1500.0,,,,1600.0,,,
stephon castle,assists,12.5,True,2026-06-14,,2400.0,,,,,2400.0,,,
stephon castle,points,7.5,True,2026-06-14,,-2700.0,,,,,-2700.0,,,
stephon castle,points,9.5,True,2026-06-14,-900.0,-920.0,-1100.0,,,,-900.0,,,
stephon castle,points,10.5,True,2026-06-14,,,-670.0,,,400.0,-670.0,,400.0,
stephon castle,points,11.5,True,2026-06-14,,-441.0,-450.0,,,300.0,-441.0,,300.0,
stephon castle,points,12.5,True,2026-06-14,,,-320.0,,,225.0,-320.0,,225.0,
stephon castle,points,13.5,True,2026-06-14,,,-240.0,,,174.0,-240.0,,174.0,
stephon castle,points,14.5,True,2026-06-14,-175.0,-174.0,-180.0,,,134.0,-174.0,,134.0,
stephon castle,points,15.5,False,2026-06-14,,,-132.0,,,100.0,-132.0,,100.0,
stephon castle,points,15.5,True,2026-06-14,,,-132.0,,,100.0,-132.0,,100.0,
stephon castle,points,16.5,False,2026-06-14,-105.0,-103.0,,-125.0,-123.0,,-103.0,,-123.0,
stephon castle,points,16.5,True,2026-06-14,,-103.0,100.0,,,-132.0,100.0,,-132.0,
stephon castle,points,17.5,True,2026-06-14,,126.0,130.0,,,-174.0,130.0,,-174.0,
stephon castle,points,18.5,True,2026-06-14,,,172.0,,,-235.0,172.0,,-235.0,
stephon castle,points,19.5,True,2026-06-14,200.0,208.0,220.0,,,-310.0,220.0,,-310.0,
stephon castle,points,20.5,True,2026-06-14,,,280.0,,,-420.0,280.0,,-420.0,
stephon castle,points,21.5,True,2026-06-14,,,350.0,,,-550.0,350.0,,-550.0,
stephon castle,points,24.5,True,2026-06-14,600.0,690.0,750.0,,,,750.0,,,
stephon castle,points,29.5,True,2026-06-14,,2000.0,1700.0,,,,2000.0,,,
stephon castle,rebounds,2.5,True,2026-06-14,-800.0,-910.0,-1000.0,,,,-800.0,,,
stephon castle,rebounds,3.5,True,2026-06-14,,-330.0,-330.0,,,230.0,-330.0,,230.0,
stephon castle,rebounds,4.5,False,2026-06-14,-150.0,-146.0,-146.0,110.0,111.0,110.0,-146.0,,111.0,
stephon castle,rebounds,4.5,True,2026-06-14,-150.0,-148.0,-146.0,,,110.0,-146.0,,110.0,
stephon castle,rebounds,5.5,True,2026-06-14,,135.0,142.0,,,-192.0,142.0,,-192.0,
stephon castle,rebounds,6.5,True,2026-06-14,250.0,259.0,280.0,,,-420.0,280.0,,-420.0,
stephon castle,rebounds,7.5,True,2026-06-14,,499.0,520.0,,,-1000.0,520.0,,-1000.0,
stephon castle,rebounds,8.5,True,2026-06-14,,900.0,,,,,900.0,,,
stephon castle,rebounds,9.5,True,2026-06-14,,1560.0,1300.0,,,,1560.0,,,
stephon castle,rebounds,10.5,True,2026-06-14,,2500.0,,,,,2500.0,,,
stephon castle,threes,0.5,True,2026-06-14,-325.0,-326.0,-330.0,,,,-325.0,,,
stephon castle,threes,1.5,False,2026-06-14,140.0,140.0,148.0,-190.0,-185.0,-200.0,148.0,,-185.0,
stephon castle,threes,1.5,True,2026-06-14,140.0,140.0,148.0,,,,148.0,,,
stephon castle,threes,2.5,True,2026-06-14,425.0,467.0,500.0,,,,500.0,,,
stephon castle,threes,3.5,True,2026-06-14,,1300.0,1300.0,,,,1300.0,,,
stephon castle,threes,4.5,True,2026-06-14,,2700.0,,,,,2700.0,,,
victor wembanyama,assists,1.5,True,2026-06-14,,,-770.0,,,,-770.0,,,
victor wembanyama,assists,2.5,True,2026-06-14,-220.0,-222.0,,,,,-220.0,,,
victor wembanyama,assists,3.5,False,2026-06-14,115.0,110.0,116.0,-155.0,-145.0,-154.0,116.0,,-145.0,
victor wembanyama,assists,3.5,True,2026-06-14,,110.0,118.0,,,,118.0,,,
victor wembanyama,assists,4.5,True,2026-06-14,250.0,246.0,,,,,250.0,,,
victor wembanyama,assists,5.5,True,2026-06-14,,522.0,600.0,,,,600.0,,,
victor wembanyama,assists,6.5,True,2026-06-14,,1060.0,,,,,1060.0,,,
victor wembanyama,assists,7.5,True,2026-06-14,,2000.0,2000.0,,,,2000.0,,,
victor wembanyama,points,17.5,True,2026-06-14,,-1540.0,,,,,-1540.0,,,
victor wembanyama,points,19.5,True,2026-06-14,-750.0,-810.0,-1100.0,,,,-750.0,,,
victor wembanyama,points,20.5,True,2026-06-14,,,-800.0,,,450.0,-800.0,,450.0,
victor wembanyama,points,21.5,True,2026-06-14,,,-580.0,,,360.0,-580.0,,360.0,
victor wembanyama,points,22.5,True,2026-06-14,,,-420.0,,,280.0,-420.0,,280.0,
victor wembanyama,points,23.5,True,2026-06-14,,,-330.0,,,230.0,-330.0,,230.0,
victor wembanyama,points,24.5,True,2026-06-14,-220.0,-235.0,-260.0,,,188.0,-220.0,,188.0,
victor wembanyama,points,25.5,True,2026-06-14,,,-210.0,,,154.0,-210.0,,154.0,
victor wembanyama,points,26.5,True,2026-06-14,,,-162.0,,,122.0,-162.0,,122.0,
victor wembanyama,points,27.5,False,2026-06-14,-115.0,,-130.0,-115.0,,-102.0,-115.0,,-102.0,
victor wembanyama,points,27.5,True,2026-06-14,,,-130.0,,,-102.0,-130.0,,-102.0,
victor wembanyama,points,28.5,False,2026-06-14,,-104.0,,,-123.0,,-104.0,,-123.0,
victor wembanyama,points,28.5,True,2026-06-14,,-104.0,-102.0,,,-130.0,-102.0,,-130.0,
victor wembanyama,points,29.5,True,2026-06-14,130.0,119.0,120.0,,,-160.0,130.0,,-160.0,
victor wembanyama,points,30.5,True,2026-06-14,,,152.0,,,-200.0,152.0,,-200.0,
victor wembanyama,points,31.5,True,2026-06-14,,,178.0,,,-245.0,178.0,,-245.0,
victor wembanyama,points,32.5,True,2026-06-14,,,210.0,,,-300.0,210.0,,-300.0,
victor wembanyama,points,33.5,True,2026-06-14,,,250.0,,,-360.0,250.0,,-360.0,
victor wembanyama,points,34.5,True,2026-06-14,333.0,321.0,300.0,,,-470.0,333.0,,-470.0,
victor wembanyama,points,35.5,True,2026-06-14,,,370.0,,,-600.0,370.0,,-600.0,
victor wembanyama,points,36.5,True,2026-06-14,,,450.0,,,-800.0,450.0,,-800.0,
victor wembanyama,points,37.5,True,2026-06-14,,,,,,-1200.0,,,-1200.0,
victor wembanyama,points,38.5,True,2026-06-14,,,,,,-1450.0,,,-1450.0,
victor wembanyama,points,39.5,True,2026-06-14,825.0,880.0,870.0,,,,880.0,,,
victor wembanyama,points,44.5,True,2026-06-14,,2100.0,1700.0,,,,2100.0,,,
victor wembanyama,points,49.5,True,2026-06-14,,,5000.0,,,,5000.0,,,
victor wembanyama,rebounds,6.5,True,2026-06-14,,-1960.0,,,,,-1960.0,,,
victor wembanyama,rebounds,7.5,True,2026-06-14,,-930.0,-1000.0,,,,-930.0,,,
victor wembanyama,rebounds,8.5,True,2026-06-14,,-501.0,-450.0,,,300.0,-450.0,,300.0,
victor wembanyama,rebounds,9.5,True,2026-06-14,-275.0,-292.0,-310.0,,,220.0,-275.0,,220.0,
victor wembanyama,rebounds,10.5,True,2026-06-14,,-183.0,-180.0,,,134.0,-180.0,,134.0,
victor wembanyama,rebounds,11.5,False,2026-06-14,-105.0,-119.0,-102.0,-125.0,-111.0,-130.0,-102.0,,-111.0,
victor wembanyama,rebounds,11.5,True,2026-06-14,,-119.0,-102.0,,,-130.0,-102.0,,-130.0,
victor wembanyama,rebounds,12.5,True,2026-06-14,150.0,130.0,162.0,,,-220.0,162.0,,-220.0,
victor wembanyama,rebounds,13.5,True,2026-06-14,,197.0,240.0,,,-350.0,240.0,,-350.0,
victor wembanyama,rebounds,14.5,True,2026-06-14,340.0,295.0,390.0,,,-650.0,390.0,,-650.0,
victor wembanyama,rebounds,15.5,True,2026-06-14,,440.0,630.0,,,-1400.0,630.0,,-1400.0,
victor wembanyama,rebounds,16.5,True,2026-06-14,750.0,660.0,,,,,750.0,,,
victor wembanyama,rebounds,17.5,True,2026-06-14,,990.0,,,,,990.0,,,
victor wembanyama,rebounds,18.5,True,2026-06-14,,1420.0,,,,,1420.0,,,
victor wembanyama,rebounds,19.5,True,2026-06-14,,2000.0,,,,,2000.0,,,
victor wembanyama,threes,0.5,True,2026-06-14,-900.0,-950.0,-1100.0,,,,-900.0,,,
victor wembanyama,threes,1.5,False,2026-06-14,-190.0,-187.0,-188.0,140.0,141.0,140.0,-187.0,,141.0,
victor wembanyama,threes,1.5,True,2026-06-14,-200.0,-192.0,-188.0,,,140.0,-188.0,,140.0,
victor wembanyama,threes,2.5,True,2026-06-14,155.0,153.0,174.0,,,-240.0,174.0,,-240.0,
victor wembanyama,threes,3.5,True,2026-06-14,380.0,400.0,430.0,,,-750.0,430.0,,-750.0,
victor wembanyama,threes,4.5,True,2026-06-14,,990.0,1000.0,,,,1000.0,,,
victor wembanyama,threes,5.5,True,2026-06-14,,2000.0,2000.0,,,,2000.0,,,
